ts_entry,ts_close,symbol,side,modo,notional,entry_price,exit_price,tp_price,sl_price,motivo,pnl_pct,pnl_usd,fees,prob_exito,result
2026-09-06T16:09:44.675548+00:00,2026-09-06T16:09:46.278556+00:00,LAYER/USDT:USDT,SHORT,piramide,30.00,0.08847,0.0859,0.08793918,0.08900082,TP,2.905,0.841482,0.030000,0.561,WIN
2026-09-06T16:00:57.243538+00:00,2026-09-06T16:09:56.229400+00:00,XMR/USDT:USDT,SHORT,piramide,30.00,526.5,524.95,523.341,524.9205,SL_ASEGURADO,0.294,0.058319,0.030000,0.501,WIN
2026-09-06T17:36:35.602425+00:00,2026-09-06T17:44:00.385694+00:00,BMT/USDT:USDT,SHORT,piramide,36.71,0.01768,0.01756,0.01757392,0.01778608,TP,0.679,0.212453,0.036710,0.455,WIN
2026-09-06T22:21:18.212173+00:00,2026-09-06T22:21:20.514809+00:00,BMT/USDT:USDT,SHORT,piramide,36.71,0.01751,0.01736,0.01740494,0.01743996,TP,0.857,0.277767,0.036710,0.460,WIN
2026-09-06T22:21:33.431545+00:00,2026-09-06T22:21:35.809320+00:00,BMT/USDT:USDT,SHORT,piramide,36.71,0.01751,0.01736,0.01740494,0.01743996,TP,0.857,0.277767,0.036710,0.460,WIN
2026-09-06T22:21:48.607762+00:00,2026-09-06T22:21:51.089261+00:00,BMT/USDT:USDT,SHORT,piramide,36.71,0.01751,0.01738,0.01740494,0.01743996,TP,0.742,0.235837,0.036710,0.460,WIN
2026-09-06T22:22:03.835163+00:00,2026-09-06T22:22:06.395976+00:00,BMT/USDT:USDT,SHORT,piramide,36.71,0.01751,0.01737,0.01740494,0.01743996,TP,0.800,0.256802,0.036710,0.460,WIN
2026-09-06T22:22:19.625367+00:00,2026-09-06T22:22:21.710365+00:00,BMT/USDT:USDT,SHORT,piramide,36.71,0.01751,0.01736,0.01740494,0.01743996,TP,0.857,0.277767,0.036710,0.460,WIN
2026-09-06T22:22:34.825348+00:00,2026-09-06T22:22:37.003021+00:00,BMT/USDT:USDT,SHORT,piramide,36.71,0.01751,0.01737,0.01740494,0.01743996,TP,0.800,0.256802,0.036710,0.460,WIN
2026-09-06T22:22:50.036008+00:00,2026-09-06T22:22:52.342453+00:00,BMT/USDT:USDT,SHORT,piramide,36.71,0.01751,0.01736,0.01740494,0.01743996,TP,0.857,0.277767,0.036710,0.460,WIN
2026-09-06T22:23:05.286855+00:00,2026-09-06T22:23:07.638766+00:00,BMT/USDT:USDT,SHORT,piramide,36.71,0.01751,0.01737,0.01740494,0.01743996,TP,0.800,0.256802,0.036710,0.460,WIN
2026-09-06T22:23:20.428079+00:00,2026-09-06T22:23:23.089659+00:00,BMT/USDT:USDT,SHORT,piramide,36.71,0.01751,0.01737,0.01740494,0.01743996,TP,0.800,0.256802,0.036710,0.460,WIN
2026-09-06T23:12:56.622542+00:00,2026-09-06T23:27:11.084811+00:00,SIGN/USDT:USDT,SHORT,piramide,36.72,0.010801,0.010765,0.010736194,0.010757796,SL_ASEGURADO,0.333,0.085669,0.036720,0.576,WIN
2026-09-06T23:27:14.989852+00:00,2026-09-06T23:27:17.229807+00:00,SYRUP/USDT:USDT,SHORT,piramide,37.17,0.22216,0.22369,0.22082704,0.22349296,SL,-0.689,-0.293157,0.037170,0.503,LOSS
2026-09-07T11:35:52.100029+00:00,2026-09-07T11:39:20.821750+00:00,EGLD/USDT:USDT,SHORT,piramide,36.41,4.544,4.573,4.516736,4.571264,SL,-0.638,-0.268780,0.036410,0.472,LOSS
2026-09-07T11:39:24.698923+00:00,2026-09-07T11:39:27.429210+00:00,AIA/USDT:USDT,SHORT,piramide,36.08,0.08905,0.08836,0.0885157,0.0886938,TP,0.775,0.243484,0.036080,0.486,WIN
2026-09-07T11:40:34.993495+00:00,2026-09-07T11:40:37.967785+00:00,AIA/USDT:USDT,SHORT,piramide,36.08,0.08905,0.08842,0.0885157,0.0886938,TP,0.707,0.219174,0.036080,0.486,WIN
2026-09-07T11:40:50.106946+00:00,2026-09-07T11:40:59.266376+00:00,CATI/USDT:USDT,SHORT,piramide,36.80,0.05938,0.059,0.05902372,0.05914248,TP,0.640,0.198700,0.036800,0.507,WIN
2026-09-07T11:41:05.170945+00:00,2026-09-07T11:41:05.347401+00:00,CATI/USDT:USDT,SHORT,piramide,36.80,0.05938,0.05897,0.05902372,0.05914248,TP,0.690,0.217292,0.036800,0.507,WIN
2026-09-07T11:41:20.217499+00:00,2026-09-07T11:41:23.505197+00:00,CATI/USDT:USDT,SHORT,piramide,36.80,0.05938,0.05917,0.05902372,0.05914248,SL_ASEGURADO,0.354,0.093345,0.036800,0.507,WIN
2026-09-07T11:41:35.270581+00:00,2026-09-07T12:17:53.896654+00:00,NIL/USDT:USDT,SHORT,piramide,35.20,0.05197,0.0523,0.05165818,0.05228182,SL,-0.635,-0.258714,0.035200,0.520,LOSS
2026-09-07T12:17:58.684921+00:00,2026-09-07T12:19:53.491188+00:00,ICP/USDT:USDT,SHORT,piramide,35.87,2.893,2.911,2.875642,2.910358,SL,-0.622,-0.259050,0.035870,0.484,LOSS
2026-09-07T12:19:56.316066+00:00,2026-09-07T12:22:35.266527+00:00,CHILLGUY/USDT:USDT,SHORT,piramide,35.80,0.015949,0.016049,0.015853306,0.016044694,SL,-0.627,-0.260265,0.035800,0.455,LOSS
2026-09-07T12:23:02.906496+00:00,2026-09-07T12:42:00.387811+00:00,BMT/USDT:USDT,SHORT,piramide,37.00,0.01747,0.01758,0.01736518,0.01757482,SL,-0.630,-0.269971,0.037000,0.486,LOSS
2026-09-07T12:44:46.153522+00:00,2026-09-07T12:47:29.412986+00:00,KAS/USDT:USDT,SHORT,piramide,35.56,0.03587,0.03609,0.03565478,0.03608522,SL,-0.613,-0.253659,0.035560,0.472,LOSS
2026-09-07T13:35:40.943565+00:00,2026-09-07T13:35:41.775880+00:00,CAKE/USDT:USDT,SHORT,piramide,38.92,2.3226,2.298,2.3086644,2.3133096,TP,1.059,0.373304,0.038920,0.588,WIN
2026-09-07T13:35:56.446074+00:00,2026-09-07T13:36:22.038952+00:00,CAKE/USDT:USDT,SHORT,piramide,38.92,2.3226,2.2989,2.3086644,2.3133096,TP,1.020,0.358223,0.038920,0.588,WIN
2026-09-07T13:37:12.725666+00:00,2026-09-07T13:37:15.661222+00:00,CAKE/USDT:USDT,SHORT,piramide,38.92,2.3226,2.2922,2.3086644,2.3133096,TP,1.309,0.470495,0.038920,0.588,WIN
2026-09-07T12:47:40.441093+00:00,2026-09-07T13:37:21.961490+00:00,EDEN/USDT:USDT,SHORT,piramide,35.53,0.05592,0.05572,0.05558448,0.05569632,SL_ASEGURADO,0.358,0.091544,0.035530,0.454,WIN
2026-09-07T13:37:28.636204+00:00,2026-09-07T13:37:31.085174+00:00,CAKE/USDT:USDT,SHORT,piramide,38.92,2.3226,2.2938,2.3086644,2.3133096,TP,1.240,0.443684,0.038920,0.588,WIN
2026-09-07T13:37:43.897685+00:00,2026-09-07T13:37:46.218442+00:00,CAKE/USDT:USDT,SHORT,piramide,38.92,2.3226,2.2949,2.3086644,2.3133096,TP,1.193,0.425251,0.038920,0.588,WIN
2026-09-07T13:37:59.012903+00:00,2026-09-07T13:38:01.301554+00:00,CAKE/USDT:USDT,SHORT,piramide,38.92,2.3226,2.2952,2.3086644,2.3133096,TP,1.180,0.420224,0.038920,0.588,WIN
2026-09-07T13:38:14.080532+00:00,2026-09-07T13:38:16.393767+00:00,CAKE/USDT:USDT,SHORT,piramide,38.92,2.3226,2.2949,2.3086644,2.3133096,TP,1.193,0.425251,0.038920,0.588,WIN
2026-09-07T13:38:32.495867+00:00,2026-09-07T13:52:44.506965+00:00,ICP/USDT:USDT,SHORT,piramide,36.23,2.962,2.983,2.944228,2.979772,SL,-0.709,-0.293094,0.036230,0.504,LOSS
2026-09-07T13:54:02.147355+00:00,2026-09-07T13:55:39.146797+00:00,AR/USDT:USDT,SHORT,piramide,36.88,2.953,2.974,2.935282,2.970718,SL,-0.711,-0.299149,0.036880,0.464,LOSS
2026-09-07T13:55:47.523761+00:00,2026-09-07T14:06:22.436490+00:00,我踏马来了/USDT:USDT,SHORT,piramide,34.61,0.013422,0.013377,0.013341468,0.013368312,SL_ASEGURADO,0.335,0.081427,0.034610,0.470,WIN
2026-09-07T14:06:27.000321+00:00,2026-09-07T14:06:28.685993+00:00,KAVA/USDT:USDT,SHORT,piramide,37.65,0.05887,0.0585,0.05851678,0.05863452,TP,0.629,0.198982,0.037650,0.607,WIN
2026-09-07T14:12:33.023943+00:00,2026-09-07T14:12:35.992985+00:00,KAVA/USDT:USDT,SHORT,piramide,37.65,0.05887,0.05831,0.05851678,0.05863452,TP,0.951,0.320495,0.037650,0.607,WIN
2026-09-07T14:12:45.015216+00:00,2026-09-07T14:12:45.698962+00:00,KAVA/USDT:USDT,SHORT,piramide,37.65,0.05887,0.05824,0.05851678,0.05863452,TP,1.070,0.365263,0.037650,0.607,WIN
2026-09-07T14:13:00.136813+00:00,2026-09-07T14:13:00.777339+00:00,KAVA/USDT:USDT,SHORT,piramide,37.65,0.05887,0.05816,0.05851678,0.05863452,TP,1.206,0.416427,0.037650,0.607,WIN
2026-09-07T14:13:15.237417+00:00,2026-09-07T14:13:15.871068+00:00,KAS/USDT:USDT,SHORT,piramide,37.09,0.03705,0.03678,0.0368277,0.0369018,TP,0.729,0.233201,0.037090,0.576,WIN
2026-09-07T14:21:10.209502+00:00,2026-09-07T14:36:16.394180+00:00,EGLD/USDT:USDT,SHORT,piramide,36.57,4.653,4.623,4.625082,4.634388,TP,0.645,0.199213,0.036570,0.474,WIN
2026-09-07T14:36:13.861943+00:00,2026-09-07T14:36:16.538227+00:00,DOT/USDT:USDT,SHORT,piramide,35.68,1.0728,1.0581,1.0663632,1.0685088,TP,1.370,0.453224,0.035680,0.465,WIN
2026-09-07T14:36:41.923634+00:00,2026-09-07T14:36:42.161960+00:00,DOT/USDT:USDT,SHORT,piramide,35.68,1.0728,1.0578,1.0663632,1.0685088,TP,1.398,0.463201,0.035680,0.465,WIN
2026-09-07T14:36:26.552865+00:00,2026-09-07T14:37:09.953144+00:00,EGLD/USDT:USDT,SHORT,piramide,36.57,4.653,4.635,4.625082,4.634388,SL_ASEGURADO,0.387,0.104900,0.036570,0.474,WIN
2026-09-07T14:44:13.419746+00:00,2026-09-07T14:54:29.207529+00:00,XMR/USDT:USDT,SHORT,piramide,34.88,534.35,537.69,531.1439,537.5561,SL,-0.625,-0.252900,0.034880,0.481,LOSS
2026-09-07T14:54:32.747117+00:00,2026-09-07T14:58:26.304835+00:00,BR/USDT:USDT,SHORT,piramide,37.27,0.25606,0.25509,0.25452364,0.25503576,SL_ASEGURADO,0.379,0.103915,0.037270,0.456,WIN
2026-09-07T15:00:30.056226+00:00,2026-09-07T15:06:00.942432+00:00,POL/USDT:USDT,SHORT,piramide,36.00,0.09683,0.09618,0.09624902,0.09644268,TP,0.671,0.205661,0.036000,0.466,WIN
2026-09-07T15:06:02.089294+00:00,2026-09-07T15:06:04.059305+00:00,POL/USDT:USDT,SHORT,piramide,36.00,0.09683,0.09618,0.09624902,0.09644268,TP,0.671,0.205661,0.036000,0.466,WIN
2026-09-07T15:06:17.296108+00:00,2026-09-07T15:06:19.139893+00:00,POL/USDT:USDT,SHORT,piramide,36.00,0.09683,0.09606,0.09624902,0.09644268,TP,0.795,0.250275,0.036000,0.466,WIN
2026-09-07T15:06:32.370525+00:00,2026-09-07T15:06:34.263831+00:00,POL/USDT:USDT,SHORT,piramide,36.00,0.09683,0.09606,0.09624902,0.09644268,TP,0.795,0.250275,0.036000,0.466,WIN
2026-09-07T15:14:56.714045+00:00,2026-09-07T15:41:29.124752+00:00,HOOD/USDT:USDT,SHORT,piramide,36.14,123.17,122.42,122.43098,122.67732,TP,0.609,0.183922,0.036140,0.476,WIN
2026-09-07T15:39:37.020317+00:00,2026-09-07T15:42:10.870196+00:00,ETH/USDT:USDT,SHORT,piramide,36.38,2476.09,2466.97,2461.2335,2466.1856,SL_ASEGURADO,0.368,0.097616,0.036380,0.563,WIN
2026-09-07T15:42:07.707320+00:00,2026-09-07T15:44:00.709282+00:00,COTI/USDT:USDT,SHORT,piramide,34.94,0.016131,0.016015,0.016034214,0.016066476,TP,0.719,0.216318,0.034940,0.459,WIN
2026-09-07T15:42:25.394631+00:00,2026-09-07T15:57:02.985833+00:00,ETH/USDT:USDT,SHORT,piramide,36.38,2476.09,2466.52,2461.2335,2466.1856,SL_ASEGURADO,0.386,0.104227,0.036380,0.563,WIN
2026-09-07T16:07:00.290760+00:00,2026-09-07T16:09:55.744338+00:00,BR/USDT:USDT,SHORT,piramide,37.23,0.25681,0.25587,0.25526914,0.25578276,SL_ASEGURADO,0.366,0.099043,0.037230,0.452,WIN
2026-09-07T16:13:35.115089+00:00,2026-09-07T16:21:41.033751+00:00,CATI/USDT:USDT,SHORT,piramide,37.00,0.06273,0.06312,0.06235362,0.06310638,SL,-0.622,-0.267033,0.037000,0.501,LOSS
2026-09-07T16:29:47.899382+00:00,2026-09-07T16:41:21.357781+00:00,MINA/USDT:USDT,SHORT,piramide,37.56,0.08095,0.08149,0.0804643,0.0814357,SL,-0.667,-0.288115,0.037560,0.467,LOSS
2026-09-07T16:41:35.483425+00:00,2026-09-07T16:43:07.429209+00:00,MOVR/USDT:USDT,LONG,piramide,32.86,0.8264,0.8296,0.8313584,0.8297056,SL_ASEGURADO,0.387,0.094381,0.032860,0.478,WIN
2026-09-07T16:58:53.290391+00:00,2026-09-07T17:06:40.406392+00:00,SIGN/USDT:USDT,SHORT,piramide,36.06,0.010704,0.01077,0.010639776,0.010768224,SL,-0.617,-0.258403,0.036060,0.525,LOSS
2026-09-07T17:08:56.640416+00:00,2026-09-07T17:20:37.469751+00:00,STX/USDT:USDT,SHORT,piramide,37.68,0.2866,0.2847,0.2848804,0.2854536,TP,0.663,0.212118,0.037680,0.467,WIN
2026-09-07T17:22:43.828704+00:00,2026-09-07T17:23:36.828046+00:00,DOT/USDT:USDT,SHORT,piramide,36.31,1.0995,1.0912,1.092903,1.095102,TP,0.755,0.237790,0.036310,0.508,WIN
2026-09-07T17:23:51.929086+00:00,2026-09-07T17:27:09.904965+00:00,KAVA/USDT:USDT,SHORT,piramide,36.45,0.06023,0.0606,0.05986862,0.06059138,SL,-0.614,-0.260367,0.036450,0.511,LOSS
2026-09-07T17:27:12.319048+00:00,2026-09-07T17:27:27.453634+00:00,ICP/USDT:USDT,SHORT,piramide,37.19,3.061,3.051,3.042634,3.048756,SL_ASEGURADO,0.327,0.084306,0.037190,0.564,WIN
2026-09-07T17:27:42.597839+00:00,2026-09-07T18:04:41.976926+00:00,HOOD/USDT:USDT,SHORT,piramide,35.76,123.76,124.54,123.01744,124.50256,SL,-0.630,-0.261138,0.035760,0.451,LOSS
2026-09-07T18:04:50.789564+00:00,2026-09-07T18:16:24.656824+00:00,LIT/USDT:USDT,SHORT,piramide,36.25,4.5543,4.526,4.5269742,4.5360828,TP,0.621,0.189004,0.036250,0.453,WIN
2026-09-07T18:17:15.202314+00:00,2026-09-07T18:22:02.777691+00:00,DOT/USDT:USDT,SHORT,piramide,36.32,1.1006,1.0969,1.0939964,1.0961976,SL_ASEGURADO,0.336,0.085781,0.036320,0.508,WIN
2026-09-07T18:23:54.592296+00:00,2026-09-07T18:29:07.864927+00:00,EGLD/USDT:USDT,SHORT,piramide,36.49,4.68,4.662,4.65192,4.66128,SL_ASEGURADO,0.385,0.103856,0.036490,0.465,WIN
2026-09-07T18:28:27.060905+00:00,2026-09-07T19:05:22.797921+00:00,PENDLE/USDT:USDT,SHORT,piramide,36.54,2.1605,2.174,2.147537,2.173463,SL,-0.625,-0.264862,0.036540,0.462,LOSS
2026-09-07T19:24:49.414700+00:00,2026-09-07T19:24:52.293131+00:00,LIT/USDT:USDT,SHORT,piramide,36.42,4.5869,4.6212,4.5593786,4.6144214,SL,-0.748,-0.308762,0.036420,0.462,LOSS
2026-09-07T19:07:36.140242+00:00,2026-09-07T19:24:55.381356+00:00,EGLD/USDT:USDT,SHORT,piramide,36.49,4.688,4.671,4.659872,4.669248,SL_ASEGURADO,0.363,0.095833,0.036490,0.465,WIN
2026-09-07T19:25:04.537768+00:00,2026-09-07T19:25:10.539307+00:00,EGLD/USDT:USDT,SHORT,piramide,36.50,4.694,4.662,4.665836,4.675224,TP,0.682,0.212328,0.036500,0.465,WIN
2026-09-07T19:25:19.616269+00:00,2026-09-07T19:25:22.617416+00:00,EGLD/USDT:USDT,SHORT,piramide,36.50,4.694,4.663,4.665836,4.675224,TP,0.660,0.204552,0.036500,0.465,WIN
2026-09-07T19:25:34.672706+00:00,2026-09-07T19:25:37.712422+00:00,EGLD/USDT:USDT,SHORT,piramide,36.50,4.694,4.663,4.665836,4.675224,TP,0.660,0.204552,0.036500,0.465,WIN
2026-09-07T19:53:42.808849+00:00,2026-09-07T19:53:59.855930+00:00,SYRUP/USDT:USDT,SHORT,piramide,36.76,0.2251,0.22425,0.2237494,0.2241996,SL_ASEGURADO,0.378,0.102049,0.036760,0.492,WIN
2026-09-07T19:54:14.530035+00:00,2026-09-07T20:00:02.936950+00:00,SYRUP/USDT:USDT,SHORT,piramide,36.76,0.2251,0.2242,0.2237494,0.2241996,SL_ASEGURADO,0.400,0.110215,0.036760,0.492,WIN
2026-09-07T20:01:59.879202+00:00,2026-09-07T20:03:39.163469+00:00,BMT/USDT:USDT,SHORT,piramide,36.82,0.01781,0.0177,0.01770314,0.01773876,TP,0.618,0.190592,0.036820,0.463,WIN
2026-09-07T20:03:46.193612+00:00,2026-09-07T20:03:51.427997+00:00,BMT/USDT:USDT,SHORT,piramide,36.82,0.01781,0.0177,0.01770314,0.01773876,TP,0.618,0.190592,0.036820,0.463,WIN
2026-09-07T20:04:49.479737+00:00,2026-09-07T20:04:52.409692+00:00,BMT/USDT:USDT,SHORT,piramide,36.82,0.01781,0.0177,0.01770314,0.01773876,TP,0.618,0.190592,0.036820,0.463,WIN
2026-09-07T20:05:05.485536+00:00,2026-09-07T20:05:10.920771+00:00,BMT/USDT:USDT,SHORT,piramide,36.82,0.01781,0.01768,0.01770314,0.01773876,TP,0.730,0.231939,0.036820,0.463,WIN
2026-09-07T20:05:20.559377+00:00,2026-09-07T20:05:23.008210+00:00,BMT/USDT:USDT,SHORT,piramide,36.82,0.01781,0.01768,0.01770314,0.01773876,TP,0.730,0.231939,0.036820,0.463,WIN
2026-09-07T20:05:35.638239+00:00,2026-09-07T20:05:38.088685+00:00,BMT/USDT:USDT,SHORT,piramide,36.82,0.01781,0.01769,0.01770314,0.01773876,TP,0.674,0.211265,0.036820,0.463,WIN
2026-09-07T20:05:50.737897+00:00,2026-09-07T20:05:53.170598+00:00,BMT/USDT:USDT,SHORT,piramide,36.82,0.01781,0.01765,0.01770314,0.01773876,TP,0.898,0.293960,0.036820,0.463,WIN
2026-09-07T20:09:11.034492+00:00,2026-09-07T20:17:13.154234+00:00,TIA/USDT:USDT,SHORT,piramide,35.61,0.4261,0.4288,0.4235434,0.4286566,SL,-0.634,-0.261254,0.035610,0.472,LOSS
2026-09-07T20:17:13.225188+00:00,2026-09-07T20:17:15.936258+00:00,NEIRO/USDT:USDT,SHORT,piramide,36.67,9.089e-05,8.942e-05,9.034466e-05,9.052644e-05,TP,1.617,0.556408,0.036670,0.530,WIN
2026-09-07T20:17:52.940664+00:00,2026-09-07T20:17:56.077201+00:00,FLOCK/USDT:USDT,SHORT,piramide,37.73,0.06771,0.06249,0.06730374,0.06743916,TP,7.709,2.871007,0.037730,0.452,WIN
2026-09-07T20:17:56.107487+00:00,2026-09-07T20:17:59.227321+00:00,FLOCK/USDT:USDT,SHORT,piramide,37.73,0.06771,0.06249,0.06730374,0.06743916,TP,7.709,2.871007,0.037730,0.452,WIN
2026-09-07T20:18:11.718142+00:00,2026-09-07T20:18:14.341024+00:00,FLOCK/USDT:USDT,SHORT,piramide,37.73,0.06771,0.06257,0.06730374,0.06743916,TP,7.591,2.826429,0.037730,0.452,WIN
2026-09-07T20:18:26.810832+00:00,2026-09-07T20:18:29.419399+00:00,FLOCK/USDT:USDT,SHORT,piramide,37.73,0.06771,0.06249,0.06730374,0.06743916,TP,7.709,2.871007,0.037730,0.452,WIN
2026-09-07T20:18:41.874583+00:00,2026-09-07T20:18:44.511342+00:00,FLOCK/USDT:USDT,SHORT,piramide,37.73,0.06771,0.06247,0.06730374,0.06743916,TP,7.739,2.882152,0.037730,0.452,WIN
2026-09-07T20:18:56.979314+00:00,2026-09-07T20:19:12.474882+00:00,FLOCK/USDT:USDT,SHORT,piramide,37.73,0.06771,0.06231,0.06730374,0.06743916,TP,7.975,2.971309,0.037730,0.452,WIN
2026-09-07T20:20:44.635878+00:00,2026-09-07T20:20:46.925054+00:00,ICP/USDT:USDT,SHORT,piramide,36.49,3.096,3.074,3.077424,3.083616,TP,0.711,0.222806,0.036490,0.509,WIN
2026-09-07T20:21:54.041473+00:00,2026-09-07T20:21:57.254210+00:00,NEIRO/USDT:USDT,SHORT,piramide,36.67,9.089e-05,8.944e-05,9.034466e-05,9.052644e-05,TP,1.595,0.548339,0.036670,0.530,WIN
2026-09-07T20:22:09.199698+00:00,2026-09-07T20:22:09.707250+00:00,NEIRO/USDT:USDT,SHORT,piramide,36.67,9.089e-05,8.945e-05,9.034466e-05,9.052644e-05,TP,1.584,0.544305,0.036670,0.530,WIN
2026-09-07T20:22:24.361143+00:00,2026-09-07T20:22:25.178471+00:00,NEIRO/USDT:USDT,SHORT,piramide,36.67,9.089e-05,8.946e-05,9.034466e-05,9.052644e-05,TP,1.573,0.540270,0.036670,0.530,WIN
2026-09-07T20:22:39.508270+00:00,2026-09-07T20:22:40.644288+00:00,NEIRO/USDT:USDT,SHORT,piramide,36.67,9.089e-05,8.938e-05,9.034466e-05,9.052644e-05,TP,1.661,0.572547,0.036670,0.530,WIN
2026-09-07T20:22:54.799577+00:00,2026-09-07T20:23:10.491191+00:00,NEIRO/USDT:USDT,SHORT,piramide,36.67,9.089e-05,8.946e-05,9.034466e-05,9.052644e-05,TP,1.573,0.540270,0.036670,0.530,WIN
2026-09-07T20:23:10.504776+00:00,2026-09-07T20:23:19.463748+00:00,NEIRO/USDT:USDT,SHORT,piramide,36.67,9.089e-05,8.946e-05,9.034466e-05,9.052644e-05,TP,1.573,0.540270,0.036670,0.530,WIN
2026-09-07T20:23:25.980765+00:00,2026-09-07T20:23:28.842761+00:00,NEIRO/USDT:USDT,SHORT,piramide,36.67,9.089e-05,8.946e-05,9.034466e-05,9.052644e-05,TP,1.573,0.540270,0.036670,0.530,WIN
2026-09-07T20:21:38.774778+00:00,2026-09-07T20:23:31.947546+00:00,ICP/USDT:USDT,SHORT,piramide,36.49,3.096,3.076,3.077424,3.083616,TP,0.646,0.199234,0.036490,0.509,WIN
2026-09-07T20:23:41.388259+00:00,2026-09-07T20:23:44.101125+00:00,NEIRO/USDT:USDT,SHORT,piramide,36.67,9.089e-05,8.951e-05,9.034466e-05,9.052644e-05,TP,1.518,0.520098,0.036670,0.530,WIN
2026-09-07T20:27:31.266376+00:00,2026-09-07T20:27:33.154375+00:00,NEIRO/USDT:USDT,SHORT,piramide,36.67,9.089e-05,8.94e-05,9.034466e-05,9.052644e-05,TP,1.639,0.564478,0.036670,0.530,WIN
2026-09-07T20:27:46.517472+00:00,2026-09-07T20:43:45.092003+00:00,ASTR/USDT:USDT,SHORT,piramide,35.64,0.006496,0.006471,0.006457024,0.006470016,SL_ASEGURADO,0.385,0.101521,0.035640,0.462,WIN
2026-09-07T20:43:10.320275+00:00,2026-09-07T20:59:17.592862+00:00,ICP/USDT:USDT,SHORT,piramide,36.49,3.096,3.077,3.077424,3.083616,TP,0.614,0.187447,0.036490,0.509,WIN
2026-09-07T20:59:16.782420+00:00,2026-09-07T20:59:17.680813+00:00,FLOCK/USDT:USDT,SHORT,piramide,37.73,0.06771,0.06176,0.06730374,0.06743916,TP,8.787,3.277785,0.037730,0.452,WIN
2026-09-07T20:59:32.164100+00:00,2026-09-07T20:59:32.809859+00:00,FLOCK/USDT:USDT,SHORT,piramide,37.73,0.06771,0.06182,0.06730374,0.06743916,TP,8.699,3.244351,0.037730,0.452,WIN
2026-09-07T20:59:47.535688+00:00,2026-09-07T20:59:47.931922+00:00,FLOCK/USDT:USDT,SHORT,piramide,37.73,0.06771,0.06181,0.06730374,0.06743916,TP,8.714,3.249923,0.037730,0.452,WIN
2026-09-07T21:01:04.923930+00:00,2026-09-07T21:01:06.174816+00:00,FLOCK/USDT:USDT,SHORT,piramide,37.73,0.06771,0.06174,0.06730374,0.06743916,TP,8.817,3.288929,0.037730,0.452,WIN
2026-09-07T21:01:20.478640+00:00,2026-09-07T21:01:21.309266+00:00,FLOCK/USDT:USDT,SHORT,piramide,37.73,0.06771,0.0618,0.06730374,0.06743916,TP,8.728,3.255496,0.037730,0.452,WIN
2026-09-07T21:01:50.894876+00:00,2026-09-07T21:01:53.954006+00:00,FLOCK/USDT:USDT,SHORT,piramide,37.73,0.06771,0.06181,0.06730374,0.06743916,TP,8.714,3.249923,0.037730,0.452,WIN
2026-09-07T21:02:06.675419+00:00,2026-09-07T21:02:09.100611+00:00,FLOCK/USDT:USDT,SHORT,piramide,37.73,0.06771,0.06181,0.06730374,0.06743916,TP,8.714,3.249923,0.037730,0.452,WIN
2026-09-07T21:02:21.835341+00:00,2026-09-07T21:02:24.182673+00:00,FLOCK/USDT:USDT,SHORT,piramide,37.73,0.06771,0.06196,0.06730374,0.06743916,TP,8.492,3.166339,0.037730,0.452,WIN
2026-09-07T21:03:53.112121+00:00,2026-09-07T21:03:54.396990+00:00,FLOCK/USDT:USDT,SHORT,piramide,37.73,0.06771,0.061,0.06730374,0.06743916,TP,9.910,3.701279,0.037730,0.452,WIN
2026-09-07T21:04:08.507138+00:00,2026-09-07T21:04:09.533782+00:00,FLOCK/USDT:USDT,SHORT,piramide,37.73,0.06771,0.0611,0.06730374,0.06743916,TP,9.762,3.645556,0.037730,0.452,WIN
2026-09-07T21:04:23.904235+00:00,2026-09-07T21:04:24.677793+00:00,FLOCK/USDT:USDT,SHORT,piramide,37.73,0.06771,0.06113,0.06730374,0.06743916,TP,9.718,3.628839,0.037730,0.452,WIN
2026-09-07T21:04:39.205978+00:00,2026-09-07T21:04:39.797975+00:00,FLOCK/USDT:USDT,SHORT,piramide,37.73,0.06771,0.06104,0.06730374,0.06743916,TP,9.851,3.678990,0.037730,0.452,WIN
2026-09-07T21:04:54.604811+00:00,2026-09-07T21:04:54.926117+00:00,FLOCK/USDT:USDT,SHORT,piramide,37.73,0.06771,0.06104,0.06730374,0.06743916,TP,9.851,3.678990,0.037730,0.452,WIN
2026-09-07T21:05:57.558499+00:00,2026-09-07T21:06:00.399399+00:00,FLOCK/USDT:USDT,SHORT,piramide,37.73,0.06771,0.06121,0.06730374,0.06743916,TP,9.600,3.584261,0.037730,0.452,WIN
2026-09-07T21:06:13.055351+00:00,2026-09-07T21:06:15.497753+00:00,FLOCK/USDT:USDT,SHORT,piramide,37.73,0.06771,0.06137,0.06730374,0.06743916,TP,9.363,3.495104,0.037730,0.452,WIN
2026-09-07T21:06:28.137629+00:00,2026-09-07T21:06:30.578779+00:00,FLOCK/USDT:USDT,SHORT,piramide,37.73,0.06771,0.0614,0.06730374,0.06743916,TP,9.319,3.478387,0.037730,0.452,WIN
2026-09-07T21:06:43.264511+00:00,2026-09-07T21:06:45.658689+00:00,FLOCK/USDT:USDT,SHORT,piramide,37.73,0.06771,0.06151,0.06730374,0.06743916,TP,9.157,3.417092,0.037730,0.452,WIN
2026-09-07T21:06:58.346314+00:00,2026-09-07T21:07:00.764203+00:00,FLOCK/USDT:USDT,SHORT,piramide,37.73,0.06771,0.06153,0.06730374,0.06743916,TP,9.127,3.405947,0.037730,0.452,WIN
2026-09-07T21:07:13.809334+00:00,2026-09-07T21:07:15.895598+00:00,FLOCK/USDT:USDT,SHORT,piramide,37.73,0.06771,0.06151,0.06730374,0.06743916,TP,9.157,3.417092,0.037730,0.452,WIN
2026-09-07T21:07:29.268783+00:00,2026-09-07T21:07:31.024189+00:00,FLOCK/USDT:USDT,SHORT,piramide,37.73,0.06771,0.06151,0.06730374,0.06743916,TP,9.157,3.417092,0.037730,0.452,WIN
2026-09-07T21:07:44.704975+00:00,2026-09-07T21:07:46.147262+00:00,FLOCK/USDT:USDT,SHORT,piramide,37.73,0.06771,0.06151,0.06730374,0.06743916,TP,9.157,3.417092,0.037730,0.452,WIN
2026-09-07T21:08:00.124468+00:00,2026-09-07T21:08:01.280685+00:00,FLOCK/USDT:USDT,SHORT,piramide,37.73,0.06771,0.06154,0.06730374,0.06743916,TP,9.112,3.400375,0.037730,0.452,WIN
2026-09-07T21:08:15.433391+00:00,2026-09-07T21:08:16.409945+00:00,FLOCK/USDT:USDT,SHORT,piramide,37.73,0.06771,0.06139,0.06730374,0.06743916,TP,9.334,3.483960,0.037730,0.452,WIN
2026-09-07T21:17:06.427144+00:00,2026-09-07T21:17:10.756739+00:00,MOVR/USDT:USDT,LONG,piramide,33.39,0.8163,0.8458,0.8211978,0.8195652,TP,3.614,1.173280,0.033390,0.518,WIN
2026-09-07T21:17:23.337096+00:00,2026-09-07T21:17:26.159227+00:00,MOVR/USDT:USDT,LONG,piramide,33.39,0.8163,0.8455,0.8211978,0.8195652,TP,3.577,1.161009,0.033390,0.518,WIN
2026-09-07T21:17:56.732659+00:00,2026-09-07T21:19:02.319692+00:00,MOVR/USDT:USDT,LONG,piramide,33.39,0.8163,0.8439,0.8211978,0.8195652,TP,3.381,1.095563,0.033390,0.518,WIN
2026-09-07T21:19:03.220650+00:00,2026-09-07T21:19:06.023333+00:00,MOVR/USDT:USDT,LONG,piramide,33.39,0.8163,0.8441,0.8211978,0.8195652,TP,3.406,1.103743,0.033390,0.518,WIN
2026-09-07T21:19:18.872614+00:00,2026-09-07T21:19:21.111804+00:00,MOVR/USDT:USDT,LONG,piramide,33.39,0.8163,0.8444,0.8211978,0.8195652,TP,3.442,1.116015,0.033390,0.518,WIN
2026-09-07T21:19:33.932492+00:00,2026-09-07T21:19:36.200845+00:00,MOVR/USDT:USDT,LONG,piramide,33.39,0.8163,0.8447,0.8211978,0.8195652,TP,3.479,1.128286,0.033390,0.518,WIN
2026-09-07T21:19:49.007094+00:00,2026-09-07T21:19:51.281099+00:00,MOVR/USDT:USDT,LONG,piramide,33.39,0.8163,0.8449,0.8211978,0.8195652,TP,3.504,1.136467,0.033390,0.518,WIN
2026-09-07T21:20:04.072649+00:00,2026-09-07T21:20:06.374896+00:00,MOVR/USDT:USDT,LONG,piramide,33.39,0.8163,0.8446,0.8211978,0.8195652,TP,3.467,1.124195,0.033390,0.518,WIN
2026-09-07T21:33:53.456702+00:00,2026-09-07T21:33:55.171011+00:00,XVG/USDT:USDT,SHORT,piramide,37.27,0.002997,0.002907,0.002979018,0.002985012,TP,3.003,1.081949,0.037270,0.493,WIN
2026-09-07T21:34:08.974787+00:00,2026-09-07T21:34:31.637367+00:00,XVG/USDT:USDT,SHORT,piramide,37.27,0.002997,0.002924,0.002979018,0.002985012,TP,2.436,0.870541,0.037270,0.493,WIN
2026-09-07T21:34:34.690888+00:00,2026-09-07T21:34:37.782609+00:00,XVG/USDT:USDT,SHORT,piramide,37.27,0.002997,0.002935,0.002979018,0.002985012,TP,2.069,0.733748,0.037270,0.493,WIN
2026-09-07T21:35:28.393543+00:00,2026-09-07T21:35:31.521311+00:00,XVG/USDT:USDT,SHORT,piramide,37.27,0.002997,0.002906,0.002979018,0.002985012,TP,3.036,1.094385,0.037270,0.493,WIN
2026-09-07T21:35:43.795225+00:00,2026-09-07T21:35:46.617629+00:00,XVG/USDT:USDT,SHORT,piramide,37.27,0.002997,0.002909,0.002979018,0.002985012,TP,2.936,1.057078,0.037270,0.493,WIN
2026-09-07T21:35:58.884436+00:00,2026-09-07T21:36:01.703061+00:00,XVG/USDT:USDT,SHORT,piramide,37.27,0.002997,0.002915,0.002979018,0.002985012,TP,2.736,0.982463,0.037270,0.493,WIN
2026-09-07T21:36:29.058365+00:00,2026-09-07T21:36:31.836424+00:00,FLOCK/USDT:USDT,SHORT,piramide,37.73,0.06771,0.06093,0.06730374,0.06743916,TP,10.013,3.740285,0.037730,0.452,WIN
2026-09-07T21:36:44.510450+00:00,2026-09-07T21:36:46.963993+00:00,FLOCK/USDT:USDT,SHORT,piramide,37.73,0.06771,0.06091,0.06730374,0.06743916,TP,10.043,3.751430,0.037730,0.452,WIN
2026-09-07T21:36:59.965698+00:00,2026-09-07T21:37:02.092335+00:00,FLOCK/USDT:USDT,SHORT,piramide,37.73,0.06771,0.06091,0.06730374,0.06743916,TP,10.043,3.751430,0.037730,0.452,WIN
2026-09-07T21:37:15.388837+00:00,2026-09-07T21:37:17.212871+00:00,FLOCK/USDT:USDT,SHORT,piramide,37.73,0.06771,0.06091,0.06730374,0.06743916,TP,10.043,3.751430,0.037730,0.452,WIN
2026-09-07T21:37:30.753536+00:00,2026-09-07T21:37:32.335415+00:00,FLOCK/USDT:USDT,SHORT,piramide,37.73,0.06771,0.0609,0.06730374,0.06743916,TP,10.058,3.757002,0.037730,0.452,WIN
2026-09-07T21:37:46.148999+00:00,2026-09-07T21:37:47.469343+00:00,FLOCK/USDT:USDT,SHORT,piramide,37.73,0.06771,0.06087,0.06730374,0.06743916,TP,10.102,3.773719,0.037730,0.452,WIN
2026-09-07T21:38:01.611349+00:00,2026-09-07T21:38:02.618322+00:00,FLOCK/USDT:USDT,SHORT,piramide,37.73,0.06771,0.06083,0.06730374,0.06743916,TP,10.161,3.796008,0.037730,0.452,WIN
2026-09-07T21:38:16.972577+00:00,2026-09-07T21:38:17.734343+00:00,FLOCK/USDT:USDT,SHORT,piramide,37.73,0.06771,0.06082,0.06730374,0.06743916,TP,10.176,3.801580,0.037730,0.452,WIN
2026-09-07T21:38:32.762407+00:00,2026-09-07T21:38:35.836178+00:00,FLOCK/USDT:USDT,SHORT,piramide,37.73,0.06771,0.06086,0.06730374,0.06743916,TP,10.117,3.779291,0.037730,0.452,WIN
2026-09-07T21:38:48.240558+00:00,2026-09-07T21:38:50.918649+00:00,FLOCK/USDT:USDT,SHORT,piramide,37.73,0.06771,0.06086,0.06730374,0.06743916,TP,10.117,3.779291,0.037730,0.452,WIN
2026-09-07T21:39:03.310400+00:00,2026-09-07T21:39:06.000204+00:00,FLOCK/USDT:USDT,SHORT,piramide,37.73,0.06771,0.06091,0.06730374,0.06743916,TP,10.043,3.751430,0.037730,0.452,WIN
2026-09-07T21:39:18.392524+00:00,2026-09-07T21:39:21.081209+00:00,FLOCK/USDT:USDT,SHORT,piramide,37.73,0.06771,0.06089,0.06730374,0.06743916,TP,10.072,3.762574,0.037730,0.452,WIN
2026-09-07T22:34:38.012095+00:00,2026-09-07T22:34:38.988706+00:00,NEIRO/USDT:USDT,SHORT,piramide,36.67,9.089e-05,8.901e-05,9.034466e-05,9.052644e-05,TP,2.068,0.721825,0.036670,0.530,WIN
2026-09-07T21:53:26.347491+00:00,2026-09-07T22:34:42.117449+00:00,MORPHO/USDT:USDT,SHORT,piramide,35.19,2.45,2.4405,2.4353,2.4402,SL_ASEGURADO,0.388,0.101261,0.035190,0.458,WIN
2026-09-07T22:38:38.248012+00:00,2026-09-07T22:40:02.910462+00:00,FARTCOIN/USDT:USDT,SHORT,piramide,35.38,0.1692,0.1686,0.1681848,0.1685232,SL_ASEGURADO,0.355,0.090081,0.035380,0.459,WIN
2026-09-07T22:43:27.090552+00:00,2026-09-07T23:48:58.484386+00:00,ETH/USDT:USDT,SHORT,piramide,36.13,2477.4,2492.71,2462.5356,2492.2644,SL,-0.618,-0.259409,0.036130,0.545,LOSS
2026-09-08T00:10:14.838635+00:00,2026-09-08T00:13:22.931175+00:00,AR/USDT:USDT,SHORT,piramide,37.49,3.017,3.039,2.998898,3.035102,SL,-0.729,-0.310868,0.037490,0.498,LOSS
2026-09-08T00:13:33.720060+00:00,2026-09-08T00:13:35.036247+00:00,NEIRO/USDT:USDT,SHORT,piramide,36.67,9.089e-05,8.968e-05,9.034466e-05,9.052644e-05,TP,1.331,0.451510,0.036670,0.530,WIN
2026-09-08T00:14:09.328285+00:00,2026-09-08T00:15:05.203702+00:00,NEIRO/USDT:USDT,SHORT,piramide,36.67,9.089e-05,8.987e-05,9.034466e-05,9.052644e-05,TP,1.122,0.374854,0.036670,0.530,WIN
2026-09-08T00:15:05.483804+00:00,2026-09-08T00:15:09.120490+00:00,NEIRO/USDT:USDT,SHORT,piramide,36.67,9.089e-05,8.982e-05,9.034466e-05,9.052644e-05,TP,1.177,0.395027,0.036670,0.530,WIN
2026-09-08T00:15:21.144831+00:00,2026-09-08T00:15:24.210959+00:00,NEIRO/USDT:USDT,SHORT,piramide,36.67,9.089e-05,8.977e-05,9.034466e-05,9.052644e-05,TP,1.232,0.415199,0.036670,0.530,WIN
2026-09-08T00:15:36.220317+00:00,2026-09-08T00:15:39.293984+00:00,AIA/USDT:USDT,SHORT,piramide,36.08,0.08905,0.08788,0.0885157,0.0886938,TP,1.314,0.437964,0.036080,0.486,WIN
2026-09-08T00:15:51.297682+00:00,2026-09-08T00:15:51.375664+00:00,AIA/USDT:USDT,SHORT,piramide,36.08,0.08905,0.08785,0.0885157,0.0886938,TP,1.348,0.450119,0.036080,0.486,WIN
2026-09-08T00:16:06.390537+00:00,2026-09-08T00:16:36.549281+00:00,AIA/USDT:USDT,SHORT,piramide,36.08,0.08905,0.08815,0.0885157,0.0886938,TP,1.011,0.328569,0.036080,0.486,WIN
2026-09-08T00:16:36.599152+00:00,2026-09-08T00:24:33.203520+00:00,RIVER/USDT:USDT,LONG,piramide,32.18,1.23,1.222,1.23738,1.22262,SL,-0.650,-0.241481,0.032180,0.459,LOSS
2026-09-08T12:28:49.059669+00:00,2026-09-08T13:24:16.317859+00:00,ONG/USDT:USDT,SHORT,piramide,37.86,0.09274,0.09218,0.09218356,0.09236904,TP,0.604,0.190753,0.037860,0.510,WIN
2026-09-08T13:24:18.440371+00:00,2026-09-08T13:26:34.490175+00:00,BTR/USDT:USDT,SHORT,piramide,39.23,0.04973,0.05003,0.04943162,0.05002838,SL,-0.603,-0.275888,0.039230,0.579,LOSS
2026-09-08T13:26:39.487655+00:00,2026-09-08T13:33:15.082965+00:00,XVG/USDT:USDT,SHORT,piramide,38.09,0.002943,0.002919,0.002925342,0.002931228,TP,0.815,0.272532,0.038090,0.553,WIN
2026-09-08T13:33:22.568021+00:00,2026-09-08T13:33:24.642571+00:00,ICP/USDT:USDT,SHORT,piramide,36.32,3.028,3.001,3.009832,3.015888,TP,0.892,0.287537,0.036320,0.508,WIN
2026-09-08T13:33:07.135327+00:00,2026-09-08T13:33:53.239860+00:00,MINA/USDT:USDT,SHORT,piramide,38.16,0.08256,0.08226,0.08206464,0.08222976,SL_ASEGURADO,0.363,0.100503,0.038160,0.489,WIN
2026-09-08T13:33:56.198739+00:00,2026-09-08T13:33:56.372865+00:00,ICP/USDT:USDT,SHORT,piramide,36.32,3.028,3.002,3.009832,3.015888,TP,0.859,0.275543,0.036320,0.508,WIN
2026-09-08T13:34:11.847480+00:00,2026-09-08T13:34:14.495553+00:00,ICP/USDT:USDT,SHORT,piramide,36.32,3.028,3.003,3.009832,3.015888,TP,0.826,0.263548,0.036320,0.508,WIN
2026-09-08T13:34:26.997103+00:00,2026-09-08T13:35:54.953797+00:00,AIA/USDT:USDT,SHORT,piramide,36.42,0.09495,0.0939,0.0943803,0.0945702,TP,1.106,0.366329,0.036420,0.519,WIN
2026-09-08T13:35:44.261363+00:00,2026-09-08T13:40:29.662940+00:00,KAVA/USDT:USDT,SHORT,piramide,36.00,0.05918,0.05896,0.05882492,0.05894328,SL_ASEGURADO,0.372,0.097829,0.036000,0.519,WIN
2026-09-08T13:40:29.693562+00:00,2026-09-08T13:41:06.278727+00:00,CATI/USDT:USDT,SHORT,piramide,36.55,0.06356,0.06339,0.06317864,0.06330576,SL_ASEGURADO,0.267,0.061208,0.036550,0.518,WIN
2026-09-08T13:41:00.724637+00:00,2026-09-08T13:44:43.912362+00:00,HOOD/USDT:USDT,SHORT,piramide,35.96,122.23,123.14,121.49662,122.96338,SL,-0.744,-0.303682,0.035960,0.468,LOSS
2026-09-08T13:44:59.391616+00:00,2026-09-08T13:55:55.539751+00:00,ETH/USDT:USDT,SHORT,piramide,36.85,2442.64,2457.89,2427.9842,2457.2958,SL,-0.624,-0.266914,0.036850,0.574,LOSS
2026-09-08T13:55:58.493496+00:00,2026-09-08T13:55:58.801168+00:00,RIVER/USDT:USDT,LONG,piramide,32.61,1.264,1.273,1.271584,1.269056,TP,0.712,0.199581,0.032610,0.490,WIN
2026-09-08T14:00:27.207857+00:00,2026-09-08T14:00:29.835659+00:00,RIVER/USDT:USDT,LONG,piramide,32.61,1.264,1.285,1.271584,1.269056,TP,1.661,0.509170,0.032610,0.490,WIN
2026-09-08T14:00:34.735761+00:00,2026-09-08T14:00:36.217018+00:00,RIVER/USDT:USDT,LONG,piramide,32.61,1.264,1.284,1.271584,1.269056,TP,1.582,0.483371,0.032610,0.490,WIN
2026-09-08T14:00:52.478845+00:00,2026-09-08T14:00:55.539459+00:00,RIVER/USDT:USDT,LONG,piramide,32.61,1.264,1.283,1.271584,1.269056,TP,1.503,0.457572,0.032610,0.490,WIN
2026-09-08T14:01:07.664168+00:00,2026-09-08T14:01:10.648268+00:00,RIVER/USDT:USDT,LONG,piramide,32.61,1.264,1.285,1.271584,1.269056,TP,1.661,0.509170,0.032610,0.490,WIN
2026-09-08T14:01:22.796604+00:00,2026-09-08T14:01:25.742796+00:00,RIVER/USDT:USDT,LONG,piramide,32.61,1.264,1.287,1.271584,1.269056,TP,1.820,0.560768,0.032610,0.490,WIN
2026-09-08T14:01:37.877648+00:00,2026-09-08T14:01:40.824247+00:00,RIVER/USDT:USDT,LONG,piramide,32.61,1.264,1.289,1.271584,1.269056,TP,1.978,0.612366,0.032610,0.490,WIN
2026-09-08T14:02:47.199855+00:00,2026-09-08T14:02:48.614847+00:00,UAI/USDT:USDT,SHORT,piramide,36.98,0.7505,0.7457,0.745997,0.747498,TP,0.640,0.199534,0.036980,0.468,WIN
2026-09-08T14:03:02.899314+00:00,2026-09-08T14:03:05.272919+00:00,UAI/USDT:USDT,SHORT,piramide,36.98,0.7505,0.7443,0.745997,0.747498,TP,0.826,0.268518,0.036980,0.468,WIN
2026-09-08T14:03:18.572895+00:00,2026-09-08T14:03:20.415888+00:00,UAI/USDT:USDT,SHORT,piramide,36.98,0.7505,0.7433,0.745997,0.747498,TP,0.959,0.317791,0.036980,0.468,WIN
2026-09-08T14:03:34.005518+00:00,2026-09-08T14:03:35.545043+00:00,UAI/USDT:USDT,SHORT,piramide,36.98,0.7505,0.7415,0.745997,0.747498,TP,1.199,0.406484,0.036980,0.468,WIN
2026-09-08T14:03:49.753757+00:00,2026-09-08T14:03:50.676218+00:00,UAI/USDT:USDT,SHORT,piramide,36.98,0.7505,0.7382,0.745997,0.747498,TP,1.639,0.569088,0.036980,0.468,WIN
2026-09-08T14:04:31.671243+00:00,2026-09-08T14:04:34.339308+00:00,UAI/USDT:USDT,SHORT,piramide,36.98,0.7505,0.7379,0.745997,0.747498,TP,1.679,0.583870,0.036980,0.468,WIN
2026-09-08T14:09:57.116768+00:00,2026-09-08T14:09:59.162013+00:00,UAI/USDT:USDT,SHORT,piramide,36.98,0.7505,0.7406,0.745997,0.747498,TP,1.319,0.450831,0.036980,0.468,WIN
2026-09-08T14:18:10.484384+00:00,2026-09-08T14:19:54.066063+00:00,ICP/USDT:USDT,SHORT,piramide,36.49,3.047,3.035,3.028718,3.034812,SL_ASEGURADO,0.394,0.107219,0.036490,0.518,WIN
2026-09-08T14:19:56.623598+00:00,2026-09-08T14:22:45.071779+00:00,ICP/USDT:USDT,SHORT,piramide,36.49,3.047,3.028,3.028718,3.034812,TP,0.624,0.191049,0.036490,0.518,WIN
2026-09-08T14:22:54.431374+00:00,2026-09-08T14:23:09.879033+00:00,ICP/USDT:USDT,SHORT,piramide,36.49,3.047,3.028,3.028718,3.034812,TP,0.624,0.191049,0.036490,0.518,WIN
2026-09-08T14:23:09.892877+00:00,2026-09-08T14:33:19.851495+00:00,0G/USDT:USDT,SHORT,piramide,34.83,0.1997,0.1985,0.1985018,0.1989012,TP,0.601,0.174464,0.034830,0.455,WIN
2026-09-08T14:32:06.411250+00:00,2026-09-08T14:36:23.682274+00:00,DOT/USDT:USDT,SHORT,piramide,36.27,1.0895,1.0984,1.082963,1.096037,SL,-0.817,-0.332555,0.036270,0.498,LOSS
2026-09-08T14:36:32.329394+00:00,2026-09-08T14:36:32.876145+00:00,COTI/USDT:USDT,SHORT,piramide,35.93,0.018026,0.017876,0.017917844,0.017953896,TP,0.832,0.263055,0.035930,0.489,WIN
2026-09-08T14:36:47.830409+00:00,2026-09-08T14:36:47.996530+00:00,COTI/USDT:USDT,SHORT,piramide,35.93,0.018026,0.017825,0.017917844,0.017953896,TP,1.115,0.364710,0.035930,0.489,WIN
2026-09-08T14:37:03.287466+00:00,2026-09-08T14:37:06.141888+00:00,COTI/USDT:USDT,SHORT,piramide,35.93,0.018026,0.017916,0.017917844,0.017953896,TP,0.610,0.183326,0.035930,0.489,WIN
2026-09-08T14:38:18.914532+00:00,2026-09-08T14:40:34.421786+00:00,POL/USDT:USDT,SHORT,piramide,35.66,0.09664,0.09631,0.09606016,0.09625344,SL_ASEGURADO,0.341,0.086109,0.035660,0.488,WIN
2026-09-08T14:42:45.582285+00:00,2026-09-08T14:45:08.006908+00:00,XVG/USDT:USDT,SHORT,piramide,38.25,0.002952,0.002941,0.002934288,0.002940192,SL_ASEGURADO,0.373,0.104280,0.038250,0.563,WIN
2026-09-08T14:44:31.575089+00:00,2026-09-08T14:52:07.844721+00:00,XMR/USDT:USDT,SHORT,piramide,33.87,496.92,502.4,493.93848,499.90152,SL,-1.103,-0.407386,0.033870,0.456,LOSS
2026-09-08T14:53:24.110871+00:00,2026-09-08T14:58:18.772455+00:00,PENDLE/USDT:USDT,SHORT,piramide,37.03,2.2448,2.2588,2.2313312,2.2582688,SL,-0.624,-0.267973,0.037030,0.489,LOSS
2026-09-08T14:58:18.940237+00:00,2026-09-08T15:08:48.137581+00:00,KAS/USDT:USDT,SHORT,piramide,35.75,0.03633,0.0361,0.03611202,0.03618468,TP,0.633,0.190578,0.035750,0.472,WIN
2026-09-08T15:10:50.783791+00:00,2026-09-08T15:19:04.738014+00:00,ZEN/USDT:USDT,SHORT,piramide,36.97,7.212,7.185,7.168728,7.183152,SL_ASEGURADO,0.374,0.101437,0.036970,0.490,WIN
2026-09-08T15:19:16.397209+00:00,2026-09-08T15:19:37.742146+00:00,ZEN/USDT:USDT,SHORT,piramide,37.66,7.228,7.167,7.184632,7.199088,TP,0.844,0.280168,0.037660,0.540,WIN
2026-09-08T15:19:52.403628+00:00,2026-09-08T15:19:52.844808+00:00,ZEN/USDT:USDT,SHORT,piramide,37.66,7.228,7.184,7.184632,7.199088,TP,0.609,0.191593,0.037660,0.540,WIN
2026-09-08T15:20:07.531249+00:00,2026-09-08T15:33:37.355080+00:00,XVG/USDT:USDT,SHORT,piramide,38.38,0.002964,0.002953,0.002946216,0.002952144,SL_ASEGURADO,0.371,0.104056,0.038380,0.571,WIN
2026-09-08T15:36:45.731856+00:00,2026-09-08T15:38:21.502013+00:00,DOGS/USDT:USDT,SHORT,piramide,35.97,5.162e-05,5.195e-05,5.131028e-05,5.192972e-05,SL,-0.639,-0.265922,0.035970,0.501,LOSS
2026-09-08T15:46:50.949876+00:00,2026-09-08T15:46:52.832537+00:00,NEAR/USDT:USDT,SHORT,piramide,35.95,2.42,2.391,2.40548,2.41032,TP,1.198,0.394856,0.035950,0.499,WIN
2026-09-08T15:50:29.597116+00:00,2026-09-08T15:52:16.143666+00:00,VELODROME/USDT:USDT,SHORT,piramide,35.53,0.02708,0.02704,0.02691752,0.02697168,SL_ASEGURADO,0.148,0.016952,0.035530,0.457,WIN
2026-09-08T15:54:53.104053+00:00,2026-09-08T16:05:39.624134+00:00,DOT/USDT:USDT,SHORT,piramide,36.57,1.1941,1.1851,1.1869354,1.1893236,TP,0.754,0.239060,0.036570,0.490,WIN
2026-09-08T16:05:25.960269+00:00,2026-09-08T16:20:59.552560+00:00,XVG/USDT:USDT,SHORT,piramide,38.42,0.002977,0.002968,0.002959138,0.002965092,SL_ASEGURADO,0.302,0.077730,0.038420,0.572,WIN
2026-09-08T16:24:35.123375+00:00,2026-09-08T16:24:37.638472+00:00,XVG/USDT:USDT,SHORT,piramide,38.32,0.002983,0.00295,0.002965102,0.002971068,TP,1.106,0.385602,0.038320,0.565,WIN
2026-09-08T16:24:50.255609+00:00,2026-09-08T16:24:54.061446+00:00,XVG/USDT:USDT,SHORT,piramide,38.32,0.002983,0.00295,0.002965102,0.002971068,TP,1.106,0.385602,0.038320,0.565,WIN
2026-09-08T16:25:06.195508+00:00,2026-09-08T16:25:09.221870+00:00,XVG/USDT:USDT,SHORT,piramide,38.32,0.002983,0.002951,0.002965102,0.002971068,TP,1.073,0.372756,0.038320,0.565,WIN
2026-09-08T16:32:27.599124+00:00,2026-09-08T16:32:42.754264+00:00,DOGS/USDT:USDT,SHORT,piramide,35.89,5.27e-05,5.238e-05,5.23838e-05,5.24892e-05,TP,0.607,0.182038,0.035890,0.488,WIN
2026-09-08T16:32:42.757076+00:00,2026-09-08T16:40:06.634299+00:00,ZK/USDT:USDT,SHORT,piramide,35.56,0.010611,0.010692,0.010547334,0.010674666,SL,-0.763,-0.307010,0.035560,0.451,LOSS
2026-09-08T16:40:06.679534+00:00,2026-09-08T16:51:15.346579+00:00,KAVA/USDT:USDT,SHORT,piramide,36.14,0.05922,0.05886,0.05886468,0.05898312,TP,0.608,0.183556,0.036140,0.530,WIN
2026-09-08T16:49:47.642137+00:00,2026-09-08T16:54:16.898099+00:00,SUSHI/USDT:USDT,SHORT,piramide,36.86,0.2381,0.2373,0.2366714,0.2371476,SL_ASEGURADO,0.336,0.086987,0.036860,0.493,WIN
2026-09-08T16:53:20.993157+00:00,2026-09-08T17:03:08.147289+00:00,ENS/USDT:USDT,SHORT,piramide,38.03,6.477,6.516,6.438138,6.515862,SL,-0.602,-0.267020,0.038030,0.576,LOSS
2026-09-08T17:07:52.192692+00:00,2026-09-08T17:08:12.094023+00:00,TAO/USDT:USDT,SHORT,piramide,35.59,268.12,267.51,266.51128,267.04752,SL_ASEGURADO,0.228,0.045381,0.035590,0.467,WIN
2026-09-08T17:08:07.393162+00:00,2026-09-08T17:14:25.192436+00:00,BTR/USDT:USDT,SHORT,piramide,38.70,0.05161,0.05203,0.05130034,0.05191966,SL,-0.814,-0.353639,0.038700,0.530,LOSS
2026-09-08T17:14:25.321852+00:00,2026-09-08T17:14:56.455383+00:00,ATOM/USDT:USDT,SHORT,piramide,37.84,1.799,1.811,1.788206,1.809794,SL,-0.667,-0.290247,0.037840,0.619,LOSS
2026-09-08T17:22:58.679556+00:00,2026-09-08T18:49:24.588418+00:00,ETH/USDT:USDT,SHORT,piramide,35.49,2495.01,2479.59,2480.0399,2485.03,TP,0.618,0.183850,0.035490,0.493,WIN
2026-09-08T18:49:29.463552+00:00,2026-09-08T18:49:30.957320+00:00,DOT/USDT:USDT,SHORT,piramide,36.20,1.2273,1.2131,1.2199362,1.2223908,TP,1.157,0.382638,0.036200,0.452,WIN
2026-09-08T18:49:44.948176+00:00,2026-09-08T18:49:46.576990+00:00,DOT/USDT:USDT,SHORT,piramide,36.20,1.2273,1.2119,1.2199362,1.2223908,TP,1.255,0.418033,0.036200,0.452,WIN
2026-09-08T18:50:00.409822+00:00,2026-09-08T18:50:02.162944+00:00,DOT/USDT:USDT,SHORT,piramide,36.20,1.2273,1.2091,1.2199362,1.2223908,TP,1.483,0.500621,0.036200,0.452,WIN
2026-09-08T18:50:15.865548+00:00,2026-09-08T18:50:17.740410+00:00,DOT/USDT:USDT,SHORT,piramide,36.20,1.2273,1.2106,1.2199362,1.2223908,TP,1.361,0.456377,0.036200,0.452,WIN
2026-09-08T18:49:14.272293+00:00,2026-09-08T18:50:20.845202+00:00,MINA/USDT:USDT,SHORT,piramide,37.74,0.08335,0.08302,0.0828499,0.0830166,SL_ASEGURADO,0.396,0.111681,0.037740,0.455,WIN
2026-09-08T18:50:31.351585+00:00,2026-09-08T18:50:36.022523+00:00,MINA/USDT:USDT,SHORT,piramide,37.74,0.08335,0.08302,0.0828499,0.0830166,SL_ASEGURADO,0.396,0.111681,0.037740,0.455,WIN
2026-09-08T18:51:01.570186+00:00,2026-09-08T18:51:03.585030+00:00,DOT/USDT:USDT,SHORT,piramide,36.20,1.2273,1.2142,1.2199362,1.2223908,TP,1.067,0.350193,0.036200,0.452,WIN
2026-09-08T18:50:46.431407+00:00,2026-09-08T18:51:15.904670+00:00,MINA/USDT:USDT,SHORT,piramide,37.74,0.08335,0.08305,0.0828499,0.0830166,SL_ASEGURADO,0.360,0.098097,0.037740,0.455,WIN
2026-09-08T18:51:16.647638+00:00,2026-09-08T19:01:43.203227+00:00,MINA/USDT:USDT,SHORT,piramide,37.74,0.08335,0.08302,0.0828499,0.0830166,SL_ASEGURADO,0.396,0.111681,0.037740,0.455,WIN
2026-09-08T19:01:43.207110+00:00,2026-09-08T19:02:13.496984+00:00,AR/USDT:USDT,SHORT,piramide,35.83,2.786,2.803,2.769284,2.802716,SL,-0.610,-0.254462,0.035830,0.461,LOSS
2026-09-08T19:02:13.497752+00:00,2026-09-08T19:02:27.016632+00:00,AIA/USDT:USDT,SHORT,piramide,36.75,0.09534,0.09501,0.09476796,0.09495864,SL_ASEGURADO,0.346,0.090453,0.036750,0.542,WIN
2026-09-08T19:04:15.999921+00:00,2026-09-08T19:15:55.381147+00:00,RIVER/USDT:USDT,LONG,piramide,32.39,1.232,1.241,1.239392,1.236928,TP,0.731,0.204225,0.032390,0.475,WIN
2026-09-08T19:15:52.349450+00:00,2026-09-09T00:11:34.502857+00:00,MSTR/USDT:USDT,SHORT,piramide,34.35,136.72,137.6,135.89968,137.54032,SL,-0.644,-0.255444,0.034350,0.454,LOSS
2026-09-09T00:12:42.445886+00:00,2026-09-09T00:23:43.490879+00:00,ROBO/USDT:USDT,LONG,piramide,36.40,0.01072,0.01065,0.01078432,0.01065568,SL,-0.653,-0.274087,0.036400,0.517,LOSS
2026-09-09T00:23:49.455947+00:00,2026-09-09T00:27:09.930563+00:00,TRUMP/USDT:USDT,SHORT,piramide,37.41,2.239,2.231,2.225566,2.230044,SL_ASEGURADO,0.357,0.096257,0.037410,0.557,WIN
2026-09-09T00:27:06.296552+00:00,2026-09-09T00:35:41.827289+00:00,CAKE/USDT:USDT,SHORT,piramide,37.62,2.2887,2.2802,2.2749678,2.2795452,SL_ASEGURADO,0.371,0.102097,0.037620,0.574,WIN
2026-09-09T00:35:41.266652+00:00,2026-09-09T01:00:25.346552+00:00,AAVE/USDT:USDT,SHORT,piramide,37.31,128.56,129.34,127.78864,129.33136,SL,-0.607,-0.263677,0.037310,0.643,LOSS
2026-09-09T11:29:54.361043+00:00,2026-09-09T11:29:55.780352+00:00,BTR/USDT:USDT,SHORT,piramide,9.20,0.05308,0.05367,0.05270844,0.05345156,SL,-1.112,-0.111461,0.009200,0.525,LOSS
2026-09-09T11:29:08.838116+00:00,2026-09-09T11:30:03.881838+00:00,UAI/USDT:USDT,SHORT,piramide,8.83,0.7237,0.7201,0.7186341,0.7200815,SL_ASEGURADO,0.497,0.035094,0.008830,0.490,WIN
2026-09-09T11:31:00.226890+00:00,2026-09-09T11:31:03.242355+00:00,UAI/USDT:USDT,SHORT,piramide,8.83,0.7237,0.7168,0.7186341,0.7200815,TP,0.953,0.075358,0.008830,0.490,WIN
2026-09-09T11:31:15.478518+00:00,2026-09-09T11:31:18.331506+00:00,UAI/USDT:USDT,SHORT,piramide,8.83,0.7237,0.7172,0.7186341,0.7200815,TP,0.898,0.070478,0.008830,0.490,WIN
2026-09-10T18:30:13.333757+00:00,2026-09-11T07:16:49.366762+00:00,CATI/USDT:USDT,SHORT,piramide,10.00,0.05936,0.06174,0.0581728,0.0617344,SL,-4.009,-0.410943,0.010000,0.447,LOSS
2026-09-13T00:06:00.065002+00:00,2026-09-13T04:33:16.188347+00:00,TREE/USDT:USDT,SHORT,piramide,8.26,0.04333,0.04492,0.0415968,0.0450632,SL,-3.670,-0.311362,0.008260,0.473,LOSS
2026-09-13T04:33:45.159051+00:00,2026-09-13T05:36:55.864765+00:00,CVC/USDT:USDT,SHORT,piramide,8.50,0.02464,0.02564,0.0236544,0.0256256,SL,-4.058,-0.353468,0.008500,0.488,LOSS
2026-09-13T05:36:58.434761+00:00,2026-09-13T08:35:58.794168+00:00,MINA/USDT:USDT,SHORT,piramide,9.81,0.10795,0.10337,0.103632,0.105791,TP,4.243,0.406399,0.009810,0.745,WIN
2026-09-13T08:35:54.967185+00:00,2026-09-13T12:35:49.624230+00:00,ONG/USDT:USDT,SHORT,piramide,8.53,0.07824,0.0783,0.0751104,0.0813696,CIERRE_MANUAL,-0.077,-0.015071,0.008530,0.439,LOSS
2026-09-25T16:12:15.491729+00:00,2026-09-25T16:13:26.348780+00:00,SPK/USDT:USDT,LONG,piramide,30.00,0.0241,0.02416,0.0244615,0.0241723,SL_ASEGURADO,0.249,0.044689,0.030000,0.754,WIN
2026-09-25T16:13:59.669642+00:00,2026-09-25T16:14:03.081908+00:00,SPK/USDT:USDT,LONG,piramide,30.00,0.0241,0.02415,0.0244615,0.0241723,SL_ASEGURADO,0.207,0.032241,0.030000,0.754,WIN
2026-09-25T16:15:45.262342+00:00,2026-09-25T16:15:55.088162+00:00,SPK/USDT:USDT,LONG,piramide,30.00,0.0241,0.02449,0.0244615,0.0241723,TP,1.618,0.455477,0.030000,0.754,WIN
2026-09-25T16:15:59.630756+00:00,2026-09-25T16:18:53.067614+00:00,SPK/USDT:USDT,LONG,piramide,30.00,0.0241,0.02513,0.0244615,0.0241723,TP,4.274,1.252158,0.030000,0.754,WIN
2026-09-25T16:18:53.571778+00:00,2026-09-25T16:18:56.900062+00:00,SPK/USDT:USDT,LONG,piramide,30.00,0.0241,0.02496,0.0244615,0.0241723,TP,3.568,1.040539,0.030000,0.754,WIN
2026-09-25T16:23:16.664121+00:00,2026-09-25T16:23:20.508027+00:00,SPK/USDT:USDT,LONG,piramide,30.00,0.0241,0.02509,0.0244615,0.0241723,TP,4.108,1.202365,0.030000,0.754,WIN
2026-09-25T16:23:31.214654+00:00,2026-09-25T16:23:32.949934+00:00,SPK/USDT:USDT,LONG,piramide,30.00,0.0241,0.02515,0.0244615,0.0241723,TP,4.357,1.277054,0.030000,0.754,WIN
2026-09-25T17:12:35.144582+00:00,2026-09-25T17:12:41.126309+00:00,SPK/USDT:USDT,LONG,piramide,30.00,0.0241,0.02483,0.0244615,0.0241723,TP,3.029,0.878714,0.030000,0.754,WIN
2026-09-25T17:43:44.170134+00:00,2026-09-25T17:43:49.697859+00:00,SPK/USDT:USDT,LONG,piramide,30.00,0.0241,0.0247,0.0244615,0.0241723,TP,2.490,0.716888,0.030000,0.754,WIN
2026-09-26T03:53:24.540838+00:00,2026-09-26T04:03:09.800526+00:00,SEI/USDT:USDT,SHORT,piramide,30.00,0.07265,0.07374,0.07156025,0.07373975,SL,-1.500,-0.480103,0.030000,0.963,LOSS
2026-09-26T04:03:24.116800+00:00,2026-09-26T04:07:17.424339+00:00,BR/USDT:USDT,LONG,piramide,30.00,0.9668,0.94969,0.981302,0.952298,SL,-1.770,-0.560927,0.030000,0.858,LOSS
2026-09-26T17:18:39.216686+00:00,2026-09-26T17:20:06.940109+00:00,Q/USDT:USDT,SHORT,piramide,30.00,0.021912,0.02184,0.02158332,0.02180244,SL_ASEGURADO,0.329,0.068576,0.030000,0.540,WIN
2026-09-26T17:20:17.353768+00:00,2026-09-26T17:20:22.254347+00:00,Q/USDT:USDT,SHORT,piramide,30.00,0.021724,0.02174,0.02139814,0.02161538,SL_ASEGURADO,-0.074,-0.052095,0.030000,0.540,LOSS
2026-09-26T17:21:01.697303+00:00,2026-09-26T17:54:10.735677+00:00,OP/USDT:USDT,SHORT,piramide,30.00,0.14596,0.14524,0.1437706,0.1452302,SL_ASEGURADO,0.493,0.117986,0.030000,0.746,WIN
2026-09-26T17:54:11.357017+00:00,2026-09-26T18:20:58.611555+00:00,LDO/USDT:USDT,SHORT,piramide,30.00,0.4899,0.4878,0.4825515,0.4874505,SL_ASEGURADO,0.429,0.098598,0.030000,0.920,WIN
2026-09-26T18:41:09.921768+00:00,2026-09-26T18:58:16.170265+00:00,IO/USDT:USDT,SHORT,piramide,30.00,0.1727,0.1719,0.1701095,0.1718365,SL_ASEGURADO,0.463,0.108969,0.030000,0.996,WIN
2026-09-26T18:17:47.544615+00:00,2026-09-26T20:01:04.299457+00:00,MOVE/USDT:USDT,SHORT,piramide,30.00,0.009739,0.009592,0.009592915,0.009690305,TP,1.509,0.422819,0.030000,0.770,WIN
2026-09-26T20:00:28.635691+00:00,2026-09-26T20:14:30.185241+00:00,ZIL/USDT:USDT,SHORT,piramide,30.00,0.003769,0.003751,0.003712465,0.003750155,SL_ASEGURADO,0.478,0.113274,0.030000,0.881,WIN
2026-09-26T20:14:17.634114+00:00,2026-09-26T20:36:28.416984+00:00,C98/USDT:USDT,SHORT,piramide,30.00,0.01685,0.01679,0.01659725,0.01676575,SL_ASEGURADO,0.356,0.076825,0.030000,0.916,WIN
2026-09-26T20:35:58.309118+00:00,2026-09-26T20:39:05.854348+00:00,BILL/USDT:USDT,SHORT,piramide,30.00,0.01367,0.01345,0.01346495,0.01360165,TP,1.609,0.452809,0.030000,0.761,WIN
2026-09-26T18:58:17.071411+00:00,2026-09-26T20:42:25.489156+00:00,SYRUP/USDT:USDT,SHORT,piramide,30.00,0.22224,0.21882,0.2189064,0.2211288,TP,1.539,0.431663,0.030000,0.982,WIN
2026-09-26T20:39:07.136463+00:00,2026-09-26T20:57:33.729533+00:00,SPK/USDT:USDT,SHORT,piramide,30.00,0.02475,0.02466,0.02437875,0.02462625,SL_ASEGURADO,0.364,0.079091,0.030000,0.994,WIN
2026-09-26T20:42:40.991156+00:00,2026-09-26T21:19:39.888023+00:00,2Z/USDT:USDT,SHORT,piramide,30.00,0.06857,0.06969,0.06754145,0.06959855,SL,-1.633,-0.520010,0.030000,0.989,LOSS
