ts_entry,ts_close,symbol,lado,notional,entry_price,exit_price,tp_price,sl_price,motivo,pnl_pct,pnl_usd,fees
2026-09-24T02:41:41.374553+00:00,2026-09-24T02:59:31.183477+00:00,ZAMA/USDT:USDT,SHORT,15.00,0.09466,0.09547,0.0932401,0.0960799,JEV_REVERSION (-0.86%),-0.0086,-0.1434,0.0150
2026-09-24T03:05:29.119601+00:00,2026-09-24T03:20:34.073408+00:00,RIVER/USDT:USDT,LONG,15.00,1.155,1.145,1.172325,1.137675,JEV_REVERSION (-0.87%),-0.0087,-0.1449,0.0150
2026-09-24T02:58:57.887493+00:00,2026-09-24T03:21:57.407391+00:00,WIF/USDT:USDT,LONG,30.00,0.2491,0.2466,0.2528365,0.2453635,JEV_REVERSION (-1.00%),-0.0100,-0.3311,0.0300
2026-09-24T03:04:18.179665+00:00,2026-09-24T03:29:00.964110+00:00,MSTR/USDT:USDT,LONG,15.00,161.84,160.52,164.2676,159.4124,JEV_REVERSION (-0.82%),-0.0082,-0.1373,0.0150
2026-09-24T03:05:32.082206+00:00,2026-09-24T03:29:03.027875+00:00,USELESS/USDT:USDT,LONG,15.00,0.30539,0.3024,0.30997085,0.30080915,JEV_REVERSION (-0.98%),-0.0098,-0.1619,0.0150
2026-09-24T03:19:42.196692+00:00,2026-09-24T03:29:05.176069+00:00,INJ/USDT:USDT,LONG,15.00,8.107,8.038,8.228605,7.985395,JEV_REVERSION (-0.85%),-0.0085,-0.1427,0.0150
2026-09-24T03:41:27.674535+00:00,2026-09-24T04:09:07.163189+00:00,BSV/USDT:USDT,SHORT,15.00,21.22,21.39,20.9017,21.5383,JEV_REVERSION (-0.80%),-0.0080,-0.1352,0.0150
2026-09-24T03:56:17.782024+00:00,2026-09-24T04:29:35.791989+00:00,CYS/USDT:USDT,LONG,15.00,0.175,0.178,0.177625,0.172375,JEV_TP (+1.71%),0.0171,0.2421,0.0150
2026-09-24T03:41:30.833890+00:00,2026-09-24T04:43:29.046866+00:00,JUP/USDT:USDT,SHORT,15.00,0.2875,0.2904,0.2831875,0.2918125,JEV_REVERSION (-1.01%),-0.0101,-0.1663,0.0150
2026-09-24T04:10:59.534877+00:00,2026-09-24T04:57:16.070395+00:00,0G/USDT:USDT,LONG,15.00,0.2521,0.256,0.2558815,0.2483185,JEV_TP (+1.55%),0.0155,0.2171,0.0150
2026-09-24T04:48:25.561523+00:00,2026-09-24T05:03:49.112429+00:00,USELESS/USDT:USDT,LONG,15.00,0.30169,0.30898,0.30621535,0.29716465,JEV_TP (+2.42%),0.0242,0.3475,0.0150
2026-09-24T03:41:21.678979+00:00,2026-09-24T05:06:31.099538+00:00,INJ/USDT:USDT,SHORT,15.00,7.99,8.124,7.87015,8.10985,SL,-0.0168,-0.2666,0.0150
2026-09-24T05:07:07.696370+00:00,2026-09-24T05:43:46.275613+00:00,WIF/USDT:USDT,LONG,15.00,0.2461,0.243,0.2497915,0.2424085,JEV_REVERSION (-1.26%),-0.0126,-0.2039,0.0150
2026-09-24T05:50:22.240947+00:00,2026-09-24T05:53:53.945767+00:00,USELESS/USDT:USDT,SHORT,15.00,0.30303,0.2982,0.29848455,0.30757545,JEV_TP (+1.59%),0.0159,0.2241,0.0150
2026-09-24T05:30:37.663275+00:00,2026-09-24T06:28:10.922371+00:00,CYS/USDT:USDT,LONG,15.00,0.1804,0.1782,0.183106,0.177694,JEV_REVERSION (-1.22%),-0.0122,-0.1979,0.0150
2026-09-24T06:31:15.481134+00:00,2026-09-24T06:48:51.251365+00:00,LTC/USDT:USDT,LONG,15.00,68.4,67.83,69.426,67.374,JEV_REVERSION (-0.83%),-0.0083,-0.1400,0.0150
2026-09-24T06:29:50.036973+00:00,2026-09-24T07:16:18.595501+00:00,GRT/USDT:USDT,LONG,15.00,0.02611,0.02586,0.02650165,0.02571835,JEV_REVERSION (-0.96%),-0.0096,-0.1586,0.0150
2026-09-24T07:09:15.720086+00:00,2026-09-24T07:19:59.986394+00:00,CVC/USDT:USDT,LONG,15.00,0.03071,0.03046,0.03117065,0.03024935,JEV_REVERSION (-0.81%),-0.0081,-0.1371,0.0150
2026-09-24T04:35:43.439961+00:00,2026-09-24T07:31:32.706774+00:00,RIVER/USDT:USDT,LONG,15.00,1.145,1.163,1.162175,1.127825,JEV_TP (+1.57%),0.0157,0.2208,0.0150
2026-09-24T06:42:10.751725+00:00,2026-09-24T07:36:17.011263+00:00,4/USDT:USDT,LONG,30.00,0.022524,0.022223,0.02286186,0.02218614,JEV_REVERSION (-1.34%),-0.0134,-0.4309,0.0300
2026-09-24T07:35:31.187031+00:00,2026-09-24T07:53:08.479421+00:00,T/USDT:USDT,LONG,15.00,0.005656,0.005743,0.00574084,0.00557116,JEV_TP (+1.54%),0.0154,0.2157,0.0150
2026-09-24T07:47:54.420852+00:00,2026-09-24T07:54:54.087371+00:00,FLOCK/USDT:USDT,LONG,15.00,0.0792,0.08199,0.080388,0.078012,JEV_TP (+3.52%),0.0352,0.5134,0.0150
2026-09-24T08:06:39.300385+00:00,2026-09-24T08:21:52.946676+00:00,FET/USDT:USDT,LONG,15.00,0.2017,0.2,0.2047255,0.1986745,JEV_REVERSION (-0.84%),-0.0084,-0.1414,0.0150
2026-09-24T07:36:54.140991+00:00,2026-09-24T08:28:02.247176+00:00,TAO/USDT:USDT,LONG,15.00,290.86,288.3,295.2229,286.4971,JEV_REVERSION (-0.88%),-0.0088,-0.1470,0.0150
2026-09-24T07:41:11.492635+00:00,2026-09-24T08:34:49.575688+00:00,ENS/USDT:USDT,LONG,15.00,6.853,6.777,6.955795,6.750205,JEV_REVERSION (-1.11%),-0.0111,-0.1814,0.0150
2026-09-24T07:36:32.098375+00:00,2026-09-24T08:50:26.811484+00:00,MAGMA/USDT:USDT,LONG,15.00,0.25622,0.25361,0.2600633,0.2523767,JEV_REVERSION (-1.02%),-0.0102,-0.1678,0.0150
2026-09-24T08:12:31.817088+00:00,2026-09-24T08:53:45.522730+00:00,T/USDT:USDT,LONG,15.00,0.005707,0.005648,0.005792605,0.005621395,JEV_REVERSION (-1.03%),-0.0103,-0.1701,0.0150
2026-09-24T09:05:14.695767+00:00,2026-09-24T09:11:25.632701+00:00,CYS/USDT:USDT,LONG,15.00,0.1885,0.1922,0.1913275,0.1856725,JEV_TP (+1.96%),0.0196,0.2794,0.0150
2026-09-24T08:40:14.426193+00:00,2026-09-24T09:14:28.028656+00:00,LA/USDT:USDT,SHORT,15.00,0.07304,0.07187,0.0719444,0.0741356,JEV_TP (+1.60%),0.0160,0.2253,0.0150
2026-09-24T08:41:35.532638+00:00,2026-09-24T09:30:16.290537+00:00,ZETA/USDT:USDT,SHORT,15.00,0.04996,0.04913,0.0492106,0.0507094,JEV_TP (+1.66%),0.0166,0.2342,0.0150
2026-09-24T07:40:17.628924+00:00,2026-09-24T09:31:47.397784+00:00,ARK/USDT:USDT,LONG,15.00,0.1718,0.1699,0.174377,0.169223,JEV_REVERSION (-1.11%),-0.0111,-0.1809,0.0150
2026-09-24T09:59:31.782032+00:00,2026-09-24T10:02:11.389433+00:00,BROCCOLI714/USDT:USDT,LONG,15.00,0.02483,0.02522,0.02520245,0.02445755,JEV_TP (+1.57%),0.0157,0.2206,0.0150
2026-09-24T10:20:22.538190+00:00,2026-09-24T10:25:59.273446+00:00,BROCCOLI714/USDT:USDT,LONG,30.00,0.02574,0.0267,0.0261261,0.0253539,JEV_TP (+3.73%),0.0373,1.0889,0.0300
2026-09-24T09:56:26.384928+00:00,2026-09-24T10:58:55.651586+00:00,PLUME/USDT:USDT,LONG,15.00,0.01739,0.01721,0.01765085,0.01712915,JEV_REVERSION (-1.04%),-0.0104,-0.1703,0.0150
2026-09-24T10:20:55.492870+00:00,2026-09-24T11:30:52.179527+00:00,AKT/USDT:USDT,LONG,15.00,0.7061,0.6985,0.7166915,0.6955085,JEV_REVERSION (-1.08%),-0.0108,-0.1765,0.0150
2026-09-24T11:18:44.179636+00:00,2026-09-24T11:32:21.548319+00:00,ETC/USDT:USDT,LONG,15.00,9.639,9.486,9.783585,9.494415,SL,-0.0159,-0.2531,0.0150
2026-09-24T11:10:16.543830+00:00,2026-09-24T11:46:41.500111+00:00,SUPER/USDT:USDT,LONG,15.00,0.17119,0.16938,0.17375785,0.16862215,JEV_REVERSION (-1.06%),-0.0106,-0.1736,0.0150
2026-09-24T11:01:10.308756+00:00,2026-09-24T12:10:55.421943+00:00,ENS/USDT:USDT,LONG,15.00,6.72,6.848,6.8208,6.6192,JEV_TP (+1.90%),0.0190,0.2707,0.0150
2026-09-24T11:56:54.506002+00:00,2026-09-24T12:10:57.518694+00:00,BEAMX/USDT:USDT,SHORT,15.00,0.001997,0.002032,0.001967045,0.002026955,SL,-0.0175,-0.2779,0.0150
2026-09-24T10:17:48.825334+00:00,2026-09-24T12:12:15.874843+00:00,PROVE/USDT:USDT,SHORT,15.00,0.2239,0.2257,0.2205415,0.2272585,JEV_REVERSION (-0.80%),-0.0080,-0.1356,0.0150
2026-09-24T11:40:09.718676+00:00,2026-09-24T12:16:21.505448+00:00,ARK/USDT:USDT,LONG,15.00,0.1736,0.1719,0.176204,0.170996,JEV_REVERSION (-0.98%),-0.0098,-0.1619,0.0150
2026-09-24T12:49:42.590706+00:00,2026-09-24T12:59:24.586030+00:00,ARK/USDT:USDT,LONG,15.00,0.1752,0.1732,0.177828,0.172572,JEV_REVERSION (-1.14%),-0.0114,-0.1862,0.0150
2026-09-24T12:22:32.865164+00:00,2026-09-24T13:30:43.349377+00:00,META/USDT:USDT,LONG,15.00,732.49,756.17,743.47735,721.50265,JEV_TP (+3.23%),0.0323,0.4699,0.0150
2026-09-24T13:05:16.562280+00:00,2026-09-24T13:30:47.844956+00:00,ZK/USDT:USDT,LONG,15.00,0.011421,0.011604,0.011592315,0.011249685,JEV_TP (+1.60%),0.0160,0.2253,0.0150
2026-09-24T13:17:17.623566+00:00,2026-09-24T13:32:27.899372+00:00,MSTR/USDT:USDT,LONG,15.00,160.41,163.85,162.81615,158.00385,JEV_TP (+2.14%),0.0214,0.3067,0.0150
2026-09-24T13:18:39.196858+00:00,2026-09-24T13:33:51.352547+00:00,PYTH/USDT:USDT,LONG,15.00,0.06472,0.06649,0.0656908,0.0637492,JEV_TP (+2.73%),0.0273,0.3952,0.0150
2026-09-24T12:04:53.326642+00:00,2026-09-24T13:35:17.552093+00:00,ZETA/USDT:USDT,LONG,15.00,0.05051,0.05149,0.05126765,0.04975235,JEV_TP (+1.94%),0.0194,0.2760,0.0150
2026-09-24T12:28:49.587607+00:00,2026-09-24T14:05:41.555745+00:00,BSV/USDT:USDT,LONG,15.00,21.48,21.81,21.8022,21.1578,JEV_TP (+1.54%),0.0154,0.2154,0.0150
2026-09-24T14:01:50.298099+00:00,2026-09-24T14:05:51.602454+00:00,ARK/USDT:USDT,LONG,15.00,0.1763,0.1746,0.1789445,0.1736555,JEV_REVERSION (-0.96%),-0.0096,-0.1596,0.0150
2026-09-24T13:46:44.774361+00:00,2026-09-24T14:11:18.870806+00:00,ZETA/USDT:USDT,LONG,30.00,0.05205,0.05146,0.05283075,0.05126925,JEV_REVERSION (-1.13%),-0.0113,-0.3701,0.0300
2026-09-24T14:10:14.747137+00:00,2026-09-24T14:18:45.751529+00:00,ENS/USDT:USDT,LONG,15.00,6.989,7.1,7.093835,6.884165,JEV_TP (+1.59%),0.0159,0.2232,0.0150
2026-09-24T14:01:00.715354+00:00,2026-09-24T14:27:21.258309+00:00,PYTH/USDT:USDT,LONG,15.00,0.066,0.06733,0.06699,0.06501,JEV_TP (+2.02%),0.0202,0.2873,0.0150
2026-09-24T13:24:55.417439+00:00,2026-09-24T14:28:39.864274+00:00,RUNE/USDT:USDT,LONG,15.00,0.6257,0.6372,0.6350855,0.6163145,JEV_TP (+1.84%),0.0184,0.2607,0.0150
2026-09-24T14:20:31.885374+00:00,2026-09-24T14:50:34.984352+00:00,MSTR/USDT:USDT,LONG,15.00,162.83,161.21,165.27245,160.38755,JEV_REVERSION (-0.99%),-0.0099,-0.1642,0.0150
2026-09-24T14:42:07.398710+00:00,2026-09-24T14:50:41.185227+00:00,AVAX/USDT:USDT,LONG,15.00,10.405,10.229,10.561075,10.248925,SL,-0.0169,-0.2687,0.0150
2026-09-24T14:40:32.317593+00:00,2026-09-24T14:53:14.298521+00:00,QNT/USDT:USDT,LONG,15.00,80.26,78.73,81.4639,79.0561,SL,-0.0191,-0.3009,0.0150
2026-09-24T14:40:43.442999+00:00,2026-09-24T14:53:14.384752+00:00,JUP/USDT:USDT,LONG,15.00,0.301,0.2951,0.305515,0.296485,SL,-0.0196,-0.3090,0.0150
2026-09-24T14:32:44.610559+00:00,2026-09-24T15:11:08.378585+00:00,BEAMX/USDT:USDT,LONG,15.00,0.002016,0.001999,0.00204624,0.00198576,JEV_REVERSION (-0.84%),-0.0084,-0.1415,0.0150
2026-09-24T15:08:52.034475+00:00,2026-09-24T15:15:39.931042+00:00,ALGO/USDT:USDT,LONG,15.00,0.1119,0.11063,0.1135785,0.1102215,JEV_REVERSION (-1.13%),-0.0113,-0.1852,0.0150
2026-09-24T14:02:25.653827+00:00,2026-09-24T15:19:43.730557+00:00,INTC/USDT:USDT,LONG,15.00,125.07,123.22,126.94605,123.19395,JEV_REVERSION (-1.48%),-0.0148,-0.2369,0.0150
2026-09-24T14:56:30.909690+00:00,2026-09-24T15:35:28.767006+00:00,GRT/USDT:USDT,SHORT,15.00,0.02556,0.02582,0.0251766,0.0259434,JEV_REVERSION (-1.02%),-0.0102,-0.1676,0.0150
2026-09-24T15:41:00.961964+00:00,2026-09-24T15:44:47.801047+00:00,ZK/USDT:USDT,LONG,15.00,0.012235,0.012135,0.012418525,0.012051475,JEV_REVERSION (-0.82%),-0.0082,-0.1376,0.0150
2026-09-24T15:25:16.143366+00:00,2026-09-24T15:57:26.747312+00:00,ETC/USDT:USDT,LONG,15.00,10.194,10.007,10.34691,10.04109,SL,-0.0183,-0.2902,0.0150
2026-09-24T14:43:08.925707+00:00,2026-09-24T16:06:46.806360+00:00,ARK/USDT:USDT,LONG,15.00,0.176,0.1787,0.17864,0.17336,JEV_TP (+1.53%),0.0153,0.2151,0.0150
2026-09-24T15:23:05.270972+00:00,2026-09-24T16:06:50.924662+00:00,ZAMA/USDT:USDT,LONG,15.00,0.09454,0.09366,0.0959581,0.0931219,JEV_REVERSION (-0.93%),-0.0093,-0.1546,0.0150
2026-09-24T15:37:23.212322+00:00,2026-09-24T16:08:17.217850+00:00,MSTR/USDT:USDT,LONG,15.00,161.8,160.48,164.227,159.373,JEV_REVERSION (-0.82%),-0.0082,-0.1374,0.0150
2026-09-24T15:47:29.877400+00:00,2026-09-24T16:12:17.936111+00:00,ZK/USDT:USDT,LONG,15.00,0.012123,0.012003,0.012304845,0.011941155,JEV_REVERSION (-0.99%),-0.0099,-0.1635,0.0150
2026-09-24T15:22:53.501469+00:00,2026-09-24T16:33:11.108484+00:00,SENT/USDT:USDT,LONG,15.00,0.02165,0.02147,0.02197475,0.02132525,JEV_REVERSION (-0.83%),-0.0083,-0.1397,0.0150
2026-09-24T13:58:22.430595+00:00,2026-09-24T16:36:55.492705+00:00,AMD/USDT:USDT,LONG,15.00,612.08,622.27,621.2612,602.8988,JEV_TP (+1.66%),0.0166,0.2347,0.0150
2026-09-24T16:43:09.672420+00:00,2026-09-24T17:01:20.511628+00:00,USELESS/USDT:USDT,LONG,15.00,0.30288,0.29688,0.3074232,0.2983368,SL,-0.0198,-0.3121,0.0150
2026-09-24T16:41:18.851466+00:00,2026-09-24T17:38:18.259357+00:00,ALGO/USDT:USDT,LONG,15.00,0.11383,0.11236,0.11553745,0.11212255,JEV_REVERSION (-1.29%),-0.0129,-0.2087,0.0150
2026-09-24T17:16:51.571912+00:00,2026-09-24T17:50:51.143979+00:00,ARK/USDT:USDT,LONG,15.00,0.1828,0.1802,0.185542,0.180058,JEV_REVERSION (-1.42%),-0.0142,-0.2283,0.0150
2026-09-24T17:07:22.645293+00:00,2026-09-24T18:03:11.621122+00:00,BERA/USDT:USDT,SHORT,15.00,0.2286,0.2248,0.225171,0.232029,JEV_TP (+1.66%),0.0166,0.2343,0.0150
2026-09-24T15:27:57.963025+00:00,2026-09-24T18:04:29.828506+00:00,ENS/USDT:USDT,LONG,15.00,7.118,7.052,7.22477,7.01123,BOT_STOP,-0.0093,-0.1541,0.0150
2026-09-24T16:19:05.101287+00:00,2026-09-24T18:04:29.911693+00:00,RUNE/USDT:USDT,SHORT,15.00,0.6352,0.6271,0.625672,0.644728,BOT_STOP,0.0128,0.1763,0.0150
2026-09-24T16:56:16.169585+00:00,2026-09-24T18:04:29.989411+00:00,ZETA/USDT:USDT,SHORT,15.00,0.05164,0.0509,0.0508654,0.0524146,BOT_STOP,0.0143,0.1999,0.0150
