L,H,mode,n,gross_per_period,net_per_period,net_ann_sharpe,P1_net,P2_net,P3_net,all_pos
14,14,momentum,701,0.008133661850364191,0.006733661850364193,0.8890993814328954,-0.0038700614582352698,-0.001748298613200786,-0.004142020881457084,False
7,14,momentum,708,0.004723291259143169,0.0033232912591431704,0.4397094051896048,-0.001320416576119734,-0.002145706886432476,-0.00629915791886412,False
30,14,momentum,685,0.0035077482367367584,0.002107748236736759,0.29846777428117816,-0.003042546410342985,-0.0016459154006555035,-0.0068995367044692455,False
14,7,momentum,708,0.0033628809431222586,0.001962880943122258,0.4970113143055017,-0.0006503413731325299,-0.004279311869443326,-0.006721352743631501,False
3,14,momentum,712,0.0020962673922450925,0.000696267392245093,0.08942423435511804,0.0005233200426329747,-0.002187273122500642,-0.0021667733657329204,False
30,7,momentum,692,0.0016410906590427503,0.00024109065904275004,0.06426822356828085,-0.0033086609045623037,-0.0031166938852332715,-0.006586656082331357,False
14,3,momentum,712,0.0012218966164151146,-0.0001781033835848853,-0.10778245612037168,-0.00030933050352566595,-0.0028304852309307977,-0.0029571545072813532,False
30,3,momentum,696,0.0010310877246573495,-0.00036891227534264966,-0.2273310308242649,-0.0023183901802994334,-0.001826199710938168,-0.0023055681860724656,False
3,7,reversal,719,0.0006569468099348995,-0.0007430531900651,-0.173684733701019,-0.0039902808186885585,-0.00012023532025937016,0.0009683631826583167,False
7,7,reversal,715,0.000366380447579251,-0.001033619552420748,-0.2521872641864804,-0.003081530158805303,0.002726104838744405,0.005235886415385352,False
7,3,reversal,719,0.00010314168521837628,-0.0012968583147816234,-0.7563691008966718,-0.002710035237309763,-0.0008744460395379453,0.0008516818468579687,False
3,3,reversal,723,2.2186265764246128e-05,-0.0013778137342357534,-0.804575972970242,-0.0019094475668825636,-0.0032404527706842165,-0.002742423740825323,False
3,3,momentum,723,-2.2186265764246128e-05,-0.0014221862657642454,-0.8304873656647647,-0.0008905524331174357,0.00044045277068421694,-5.757625917467652e-05,False
7,3,momentum,719,-0.00010314168521837624,-0.001503141685218376,-0.8766801369202598,-8.996476269023622e-05,-0.0019255539604620538,-0.003651681846857967,False
7,7,momentum,715,-0.000366380447579251,-0.0017663804475792505,-0.43096964598263743,0.0002815301588053046,-0.005526104838744403,-0.008035886415385348,False
3,7,momentum,719,-0.0006569468099348995,-0.002056946809934899,-0.48080038373754025,0.0011902808186885596,-0.0026797646797406286,-0.0037683631826583154,False
30,3,reversal,696,-0.0010310877246573495,-0.002431087724657349,-1.4980842747974537,-0.00048160981970056575,-0.0009738002890618311,-0.0004944318139275336,False
14,3,reversal,712,-0.0012218966164151146,-0.0026218966164151137,-1.5866877502426926,-0.0024906694964743335,3.048523093079863e-05,0.00015715450728135354,False
30,7,reversal,692,-0.0016410906590427498,-0.003041090659042749,-0.8106721975160128,0.0005086609045623046,0.00031669388523327297,0.003786656082331359,True
3,14,reversal,712,-0.0020962673922450925,-0.0034962673922450914,-0.4490387430670116,-0.0033233200426329725,-0.0006127268774993563,-0.0006332266342670778,False
14,7,reversal,708,-0.0033628809431222586,-0.004762880943122256,-1.2059853786426915,-0.002149658626867468,0.001479311869443328,0.003921352743631501,False
30,14,reversal,685,-0.0035077482367367584,-0.004907748236736757,-0.6949618874875798,0.00024254641034298697,-0.0011540845993444954,0.004099536704469246,False
7,14,reversal,708,-0.004723291259143169,-0.006123291259143169,-0.8101813977191804,-0.0014795834238802632,-0.0006542931135675228,0.003499157918864118,False
14,14,reversal,701,-0.008133661850364191,-0.009533661850364191,-1.258805838830583,0.001070061458235273,-0.0010517013867992122,0.0013420208814570857,False
