fold,rank,cfg,train_exp,train_n,test_exp,test_n,test_win,test_pf
1,1,trend_pullback#2|tp0.12|sl0.06|h14,0.008528254201353856,1065,0.009236639573702668,272,0.40441176470588236,1.2548689434222746
1,2,trend_pullback#2|tp0.12|sl0.04|h14,0.006941006716248361,1185,0.0046527181446291465,295,0.29491525423728815,1.1603096012311211
1,3,trend_pullback#2|tp0.12|sl0.04|h7,0.006221039023903049,1189,0.0035552488578955268,296,0.3277027027027027,1.128861726310375
1,4,rsi_reversion#1|tp0.12|sl0.06|h14,0.0058733867116121516,2295,0.006238082361089439,615,0.3821138211382114,1.1683743133947768
1,5,trend_pullback#2|tp0.12|sl0.06|h7,0.005848254320203082,1076,0.007357954093532781,272,0.4375,1.2189645987431588
1,6,rsi_reversion#1|tp0.12|sl0.04|h14,0.005490745752297826,2497,0.0031852120700613354,700,0.28714285714285714,1.1086530612068324
1,7,rsi_reversion#1|tp0.12|sl0.06|h7,0.005185489034862274,2321,0.009462635466586026,642,0.4501557632398754,1.311615128412096
1,8,rsi_reversion#1|tp0.12|sl0.04|h7,0.005170331052415935,2508,0.004900138124188385,720,0.34444444444444444,1.1886178342259373
1,9,rsi_reversion#0|tp0.12|sl0.06|h14,0.00452860260375999,1154,-0.005254626924416834,286,0.3146853146853147,0.8711351604405765
1,10,trend_pullback#1|tp0.12|sl0.06|h14,0.004217158814065032,730,0.0023505653639096817,277,0.36823104693140796,1.0612830133316562
2,1,trend_pullback#2|tp0.12|sl0.06|h14,0.008672368502983533,1337,0.005085932711268091,401,0.38902743142144636,1.1359100356919982
2,2,trend_pullback#2|tp0.12|sl0.04|h14,0.006484895142851289,1480,0.0037891507472145925,435,0.2942528735632184,1.129685799543529
2,3,trend_pullback#2|tp0.12|sl0.06|h7,0.0061528821676405275,1348,-0.0008020963451910137,420,0.3761904761904762,0.9770485710163244
2,4,rsi_reversion#1|tp0.12|sl0.06|h7,0.006112228153717033,2963,-0.010866665654556644,782,0.30818414322250637,0.7284897610770033
2,5,rsi_reversion#1|tp0.12|sl0.06|h14,0.005950461565367661,2910,-0.0073375458380634554,774,0.31007751937984496,0.8254079906130546
2,6,trend_pullback#2|tp0.12|sl0.04|h7,0.0056896761355944795,1485,0.000952231567822794,446,0.30493273542600896,1.0342674992395222
2,7,rsi_reversion#1|tp0.12|sl0.04|h7,0.005110064971770385,3228,-0.006824288137221286,892,0.24103139013452915,0.7750662708706229
2,8,rsi_reversion#1|tp0.12|sl0.04|h14,0.004985937001104349,3197,-0.004020581246028034,887,0.24126268320180383,0.8717803633010941
2,9,trend_pullback#1|tp0.12|sl0.06|h14,0.003703706593913064,1007,0.008725687384587656,281,0.40569395017793597,1.2424272293228018
2,10,rsi_reversion#0|tp0.12|sl0.06|h7,0.0034242345163005322,1453,-0.01335905549029803,450,0.2911111111111111,0.6732531452732082
3,1,trend_pullback#2|tp0.12|sl0.06|h14,0.00784488820811708,1738,-0.014910619689786924,381,0.28608923884514437,0.6551887915937341
3,2,trend_pullback#2|tp0.12|sl0.04|h14,0.005872545893711882,1915,-0.011080276335813254,435,0.21149425287356322,0.6589314995991683
3,3,trend_pullback#1|tp0.12|sl0.06|h14,0.004799340601816451,1288,-0.01285459275941976,226,0.2743362831858407,0.6972957382154173
3,4,trend_pullback#2|tp0.12|sl0.04|h7,0.00459547609560164,1931,-0.010469445346718087,442,0.23076923076923078,0.66423576909666
3,5,trend_pullback#2|tp0.12|sl0.06|h7,0.004500681389705432,1768,-0.011338602876233842,390,0.3076923076923077,0.707366487095445
3,6,rsi_reversion#1|tp0.12|sl0.06|h14,0.0031586815082949994,3684,0.0026365830649726575,759,0.38603425559947296,1.072481301837557
3,7,trend_pullback#2|tp0.08|sl0.06|h14,0.003072274930112468,1839,-0.013488806833051344,400,0.345,0.6583892167451013
3,8,rsi_reversion#1|tp0.12|sl0.04|h14,0.0030298200360684958,4084,-0.002215176687389188,871,0.2709529276693456,0.9257517132760676
3,9,trend_pullback#1|tp0.12|sl0.06|h7,0.002697945521018931,1298,-0.007775203358129306,228,0.32894736842105265,0.7933559367160729
3,10,trend_pullback#2|tp0.08|sl0.04|h14,0.0025725623443505837,2014,-0.010685705898029715,451,0.25942350332594233,0.6494586803538697
